channel_title,channel_id,view_count,subscriber_count,video_count
Dr. Eric Berg DC,UC3w193M5tYPJqF0Hi-7U-2g,2218529526,11300000,5012
Bodybuilding Workout Routine And Diet Planing,UCxjc8mUzILAiXGPf1lBhqdQ,402657476,5620000,296
Diet Tomorrow ÊòéÂ§©ÂÜçÊ∏õËÇ•,UCJphJORl0rOtskNvlWgYqMw,311688339,480000,415
Nutrition By Kylie,UCcffZfMDLakH-hs89uSKxQg,303533303,1090000,173
Î®πÏóàÏÑúÏó∞DIET,UCjmuMPcWNXat3JfqgFRCuSA,285684198,185000,975
Ronic Nutrition,UCyoTWqR_dIwVYAJkOfU3WRw,285155404,444000,310
Optimum Nutrition,UCVmARo0K-clV0FzZlexrf6w,280200236,87100,155
KenDBerryMD,UCIma2WOQs1Mz2AuOt6wRSUw,271710256,2940000,1037
yoyomax12 - the diet free zone,UCQo1BANqbQeBKJbw8_ob3UA,237465611,757000,1268
NutritionFacts.org,UCddn8dUxYdgJz3Qr5mjADtA,230037450,1070000,2522
„Éà„É¨„Å¥„Å™„ÄêËÑ±„É†„ÉÅ„Ç≥„Äë,UCSZZl1jaQ3Z3Or2yzohWKoA,208478527,892000,310
Ïù¥ÏßÄÏùÄ Îã§Ïù¥Ïñ¥Ìä∏ Jiny diet,UCKEspD9kts44sG5E80kQcjQ,177443650,1350000,172
Optimum Nutrition India,UC-DOBqjjDVXvcMBBYeXCVyQ,166830074,238000,242
HealthNut Nutrition,UCZB32syI0FFtThd6xkPTRrg,117518639,959000,1081
Abbott Nutrition Colombia,UCRRQ6YnvfiazB1P9CG4tP-w,111280951,46400,219
Tamil Diet Studio,UCeBWU9awHX3WPR7chSCoE0g,101798529,627000,692
Dr Jean-Michel Cohen,UCOW2nWK-35Wdu-e0HTvHXXA,96770993,840000,786
Kayla Kowalski Nutrition,UCYc-NlH9BiXollqR6Edbz-Q,88910239,226000,395
Evogen Nutrition,UCVL-Ek0HyIDtcCb0AvnpapA,75732182,488000,746
Vickypedia,UCDgacZalC4UJ4dgBbhTtU7g,72692614,659000,610
The Nutrition Narc,UCsuFSwuny0VAPJ2GXmO3Glg,71675715,82900,2072
„É™„Éä„Ç®„ÉÉ„Éà Î¶¨ÎÇòÏñ¥Ìä∏ rina√ódiet,UCfs-NGjyv1A8wg9k8JZBmNg,67726075,113000,327
Autumn Bates,UCkPBo8hqEOiE3bg9t7ZGT2Q,61043554,574000,794
Simnett Nutrition,UCpyhJZhJQWKDdJCR07jPY-Q,58911559,701000,523
„Çà„Å¥„Åó„ÇÉ„Çì / diet vlog „ÉÄ„Ç§„Ç®„ÉÉ„Éà&ÊöÆ„Çâ„Åó,UCZpn4XOHUxXHiqIbFGN67oQ,55983723,88300,643
Diet Doctor,UCyxv-Kecjm1eH83nmDmVlvA,52079550,585000,967
Joe Duff - The Diet Chef,UClERG7IuNpqoqtWFEpGAYqw,51907364,580000,550
Diet Recipes By Dt.Natasha Mohan,UCDgcSEEGTW78AfxZ528O2Sw,47900068,476000,183
Alani Nutrition,UCshejrBjCKMuT6J1IevHwBg,47075771,3290,155
Dr. Nat Nutrition,UCrtpp33LX6z2y3wTxf8J0Mw,44216210,485000,376
Zec+ Nutrition,UCgPEzs1a7ehQwtumHAV0NKQ,43689093,176000,465
All About Nutrition,UCLBRUKmsxn76xnlyHDQx-rA,41906121,302000,463
Diet Kundali,UCaVYINljOxLW-mX5kA9XdOg,41664088,442000,698
Olimp Sport Nutrition,UCuEqPyLYfaz5CkAyAOEQGQg,37432043,68700,1348
Diet Santuy,UC4kW7kFkyvmxDMj1g2eGRZg,37366760,552000,226
Ziwa Health,UCZg8lxfj3SS-Z6ZjDoKA6mw,36698308,122000,444
Nutrition center Thawab Alghabra,UC4x1K3rSd_Je3SuAmah8eYA,36242169,359000,384
Vegan Gains,UCr2eKhGzPhN5RPVk5dd5o3g,34731907,314000,1047
Eggoz Nutrition,UCvOeMEgO1zFZhWb0f9btJCw,33778473,3970,100
Shawn Baker MD,UC5apkKkeZQXRSDbqSalG8CQ,33708816,281000,1152
5% Nutrition,UCm2hkobWQ9cEMPVqGp9mCUA,33696635,146000,374
NUTRITION 99,UCfmC_rOgtWXoza4Z-OBaI_g,31868645,228000,729
Dien and Mey,UCXvrwJBtp_7-v8tPx6UPBHA,28347794,420000,1277
Hill's Pet Nutrition UK and Ireland,UCTr_ckVHX5lom81iZDqlD5w,28173733,1270,136
Snake Diet,UC_yUeH8TsG5pxqvkOxBtsFA,27160947,182000,659
Dr.Nutrition-DNP ÿØŸÉÿ™Ÿàÿ± ŸÜŸäŸàÿ™ÿ±ÿ¥ŸÜ,UCB0HC4i44CZw3-mNLMSxxaQ,27151562,31100,468
Dr.Education - FITNESS & NUTRITION,UCJjW6_TFe962RYMSLr9B4kQ,26938951,366000,748
The Doctor's Diet,UCZvTXQoJ5u8VrlA6zgumhkQ,23789851,426000,294
ÿ±ÿ¨ŸäŸÖ ÿ®ÿØŸàŸÜ ÿ™ŸÉÿßŸÑŸäŸÅ Diet without costs,UCuLYMxMkHwAsDf7IvY9bonA,23377464,230000,855
Best Diet Tips by -Dr Amruta,UC5oAzZA9ymIVTkIhEt0Rb2A,22811258,254000,626
"Dr. Mary Claire Haver, MD",UCHFffg5HmfoId6E8WTVOc5Q,20643904,220000,442
Dr. Ahmed Metwally - Nutrition Professor,UCRumuUEWbAqjGf_DRDLWRwA,20195946,236000,165
Flexible Dieting Lifestyle,UCBF73y3tK1gYu9p2ag9wJEQ,19457277,278000,321
Ismart Aruna Lifestyle Vlogs,UCGRBPtqOHodL6VThTqEtKlw,18258714,103000,1671
The Lion Diet ,UCuYU1ooextXzb_eIP3XPyZg,17031994,160000,63
Dorian Yates Nutrition ,UC7XOcTLP1aw3kR6q3-WyYbA,16358719,100000,284
„ÅÜ„Çãdiet„Å°„ÇÉ„Çì„Å≠„Çã,UCui6R9PY_WzTBUqpArNpe0w,16207420,105000,283
HomeVeda Nutrition,UC66gsXZ2kvOQzMRIrpbxkYQ,14699944,127000,110
Wyeth Nutrition Singapore,UCdQ3b7i2me48716CclT5AvQ,13504879,860,75
Dr. Eric Westman - Adapt Your Life,UCni9TCw0YPwTdu7BYF3j0Eg,13308800,148000,739
Labrada Nutrition,UCze0IKoM9yjYCVhmDP4oQtQ,12220955,88200,388
Wellbeing Nutrition,UCaXzqAwiiRCOYLLJt0Iv0jA,12160152,4460,257
The Frugivore Diet,UCbBj2EehsFjNePdCvYKUNrg,12133613,51600,399
Nutrela Nutrition,UCXwTQvB8L7PVUTx0mfXatTw,11084434,2680,80
Discover Islam Education Trust - DIET,UCJ7KmzMc_OwrjVeKUjOWngQ,10810075,57700,919
High Facts Diet,UC9MnQOSHCg3uN0vZv8abE8g,10598576,18100,199
Goli Nutrition,UC_gQk2zOVS1KmeGkhhCw4Og,10539019,3620,110
Diet Dilemma ÿØŸÉÿ™Ÿàÿ± ŸáÿØÿßÿ±ÿ©,UCL0ib5PS1Qh8e8rBkGiQ8vw,10278681,228000,55
Ancient Nutrition,UCv0mHE-BBC5VRhfE2yypL3w,9968104,43100,268
Nutrition Library,UCMz0mrbKOtzAifLWkkFIrwQ,9346425,139000,120
GEAR Sports Nutrition,UCidpsBvp9iqgdCvnZC34_-Q,8147405,23400,89
HARDLINE NUTRITION,UCAEwK_CRE_HZcGzVgqaY7tQ,8114814,22200,579
a2ztube Nutrition,UCUHrNOSpz_oEtLlVDxUxjlQ,8011014,39800,364
Amal Hussein Diet,UCNojbG7umZJN95bByiASN0g,7986031,107000,779
Clean Kitchen Nutrition,UCiuwcs93oECRqdpJwwZV4ZQ,7973955,27700,478
New Diet System,UCqK57s1edii4NSJ64d1Im6g,7754685,54000,6278
Food nutrition facts and FITNESS,UCI4dsxS5-jvF_29yERAkRkg,7519211,37400,203
The Balanced Literacy Diet,UCmyHhHVY-xVsh5SbAbPBrfQ,7484530,21600,805
NUTRITION TV 1,UCqQjL-EkY3kwMd8NgRNvwdg,7334681,153000,695
Diet Doctor Espa√±ol,UCo-ElzXqpVvjdnsElGff_Nw,6931545,207000,138
Kosso Nutrition ,UCfuD_oUEl7_99DU0cKrRGMQ,6846613,28800,247
fitfuel nutrition,UCv3rAoQeHMZIIx5CRfai9ug,6506960,39000,433
Nutrition Villa,UCn2ytYbG8a7Vz_ffeiaxfUg,6498745,107000,296
Health and Nutrition ÿßŸÑÿµÿ≠Ÿá ŸàÿßŸÑÿ™ÿ∫ÿ∞Ÿäÿ©,UCp6yiBeMlhjr7weI6jJh7Ig,5963059,105000,163
KAVI the Diet Chef,UCQWTpD00pAY0dV6fm-c_f7A,5901851,51300,237
Lavleen Kaur's Diet Insight‚Ñ¢,UCx9MOVywrKNxhxuiP-856IQ,5768399,141000,137
NDS Health Center Dr Zarna Patel - New Diet System,UCRhSbNMVMEm9dTPA3cUSXRA,5673146,55600,1215
Nutrition with Judy,UCgXrNUokx_Zgprns3z6zqSg,5669736,89500,561
Diet Joov,UC5nJPJLD9l1TAI1H4ZPWzBw,5648315,38800,197
Institute for Integrative Nutrition,UCkav3dFxrkVROt82AzfJodg,5227010,44500,324
Amaka Nutrition,UCsN3uXsKUX9LbQMQk0cEX9w,5130530,64800,150
Precision Nutrition,UCiCpovEgZJiSoMrNAbQQ4Aw,5113979,27900,250
Amrish Patel New Diet System Diet Detox Yog Center,UCCjWvyag6J-tV1SIUcyK9-A,5106168,93400,409
RAW Nutrition,UCeZ_2z6B6L_zgFHOY9dw4Hg,5047725,55600,247
Nutrition Coach Rose,UCAh1SgjgRPonGJ30O7Q9uWA,4917077,73700,475
ÍµøÍ±∏ Îã§Ïù¥Ïñ¥Ìä∏ [GoodGirl DIET],UCriC5WQZ2gb8nunmqbUKz7A,4777884,5500,365
AFRICAN KETO DIET,UCSYaOwEPU-EGXJTbOeXE_cg,4770876,71100,277
Right Diet with Priti (Tips and Recipes),UCnR9L4QVcsgZwOqS68PYofw,4594165,21200,385
Ferrigno Freedom,UC1ev_bT3u-m6b6BoN39h1Ow,4536833,47100,518
Chicnutrix Beauty Nutrition,UC-zhimxph-BNmQYWlBAwwkg,4438710,3250,774
Nutrition Educationalist,UCnvVAar4rrPFRaGY3QMrTlA,4368128,5860,1551
Evolution Nutrition Lab,UC6LMq_J9M8AwU-5F0TuiYwg,4275899,6900,152
Yoga Nutrition,UCb4aSL1J1CXTxpAihxHVjpw,4056741,13700,960
Hopper Nutrition,UCeSfK7ZzelzLFSqW7AxBH8w,4028271,42600,292
mediterraneanliving,UCtFi8l59WmS2U3D5u1PvxKQ,4006131,85300,99
‡∏Ñ‡∏µ‡πÇ‡∏ï‡∏á‡πà‡∏≤‡∏¢‡πÜ by ‡∏ô‡πâ‡∏≤‡πÅ‡∏à‡∏á ketogenic diet,UCHlbmNcWdPKAz6U2dAkQH7g,3876709,69000,226
Dr Dixit Diet,UCOFvh2dgHprCiuYhQDk1APw,3868394,65700,274
Diet and Cheat ÿØÿßŸäÿ™ ÿßŸÜÿØ ÿ™ÿ¥Ÿäÿ™,UCXIyHxIUl_G4Mh8yhbRDlEg,3766281,68500,171
Veeramachaneni DIET - VRK Exclusive  ,UCYQ_HPAdbm2Yu_EQaZ7KTQA,3727716,53100,282
Dalyn Diet,UCdWwEZ8hU3DGTgcGVmYXSZg,3696536,69400,18
Rebelle Nutrition,UCQXK0cRMW99vTLEM4ZyakyQ,3690301,25700,634
HEALTH MUSCLE AND NUTRITION,UCfAb6sLxueHIlSHPzvrIabA,3631908,8310,764
Dr. Iris Radev Holistic Healing Ministry,UCh3dK9_yGrLgJXcp8pjxJ8g,3602214,71700,1104
Rich Nutrition,UC2CJzwO_Lbkyw1xJzR4Rf-g,3541184,32400,420
diet kitchen,UC2YUVYO12gxBxcglmM6kQuA,3434479,79900,104
ProLon Fasting Nutrition Program,UC7b4pfmjlMQmLSCIb220yhw,3361722,40800,61
World Nutrition Center 2,UC7RBxnbY4DRY5_JPn4H2-fg,3268827,21900,1416
Rocka Nutrition,UCRa7-EliCmDEfihY-YmiHsQ,3174582,13700,387
Best Kidney Diet,UCEAFX0dIqzxrSKT9SA961KQ,3106726,34300,754
Michelle Roots Fitness & Nutrition Coach,UCHSxl5c1nobpsKtBIyvjKvQ,3093708,64300,417
XXL Nutrition,UCtYqRQb6nvLiUJHnGzN0X-w,3059261,23500,103
10 Day Detox Diet,UCduxMz1o7RIMQOBo3H4xyfQ,2835875,32600,52
PYARA NUTRITION,UC9PMYD6S_zFrArnFxpPr1Tw,2821085,23900,966
Nutrition by Victoria,UCWrn006DKOY9dfLcvF66odQ,2817964,10200,529
GOMATA NUTRITION & HEALTH EDUCATION,UCNtCDRBJgqYfnC0oDt7f5Yg,2793005,40200,948
Christian Nutrition,UCYOhJyClzZrDLTqFiXsCM_A,2760046,3820,240
Indian Weight Loss Diet by Richa,UCzxt6fjQerr3baeRLOWRPEg,2699987,67500,109
Diet Shampoo,UCjxY3ifG36XFOP8LPSz_lUA,2693178,14900,132
BodyFirst Wellness Nutrition,UCS2aRwQoPzoiTnRtdrfZf3w,2673769,1170,82
Nutrition Way,UCXFDmK9729lI2n9n2EemDZQ,2659377,32700,376
My health diet - ÿµÿ≠ÿ™Ÿä ÿ∫ÿ∞ÿßÿ¶Ÿä,UCC_3PsPcQ2_sThXBatajUFw,2611498,543000,10420
Health and Nutrition,UCkBZitMcu-SsQICBKQjUngQ,2572622,18100,130
‡§∞‡§∏‡§æ‡§π‡§æ‡§∞ diet natural divine system by kiran watare,UCmKmKgd_SsMH3Qgllv95ZpQ,2511011,27600,376
Ebony Jane Nutrition,UCx8W2dZdWYObNImuacBKR1A,2497907,25800,203
Daily Diet Care,UCJsxJLkcLUZ9IIkT5af7p4g,2428421,7340,11
Organic Nutrition Ltd.,UCMoMK7baayj0fD5O7e8Ecew,2426116,1910,108
Diet Malayalam By Bincy,UC-CZGw5-Q5Rg3K6h2MBefaQ,2391301,48800,34
Ultimate Pet Nutrition,UC-QvL-m2Npr3KaVizEra1mw,2314491,14800,206
Effective Nutrition,UC-pD5sTCw3turDYl6vMrXRA,2304531,2650,148
FITNESS JUNCTION NUTRITION üí™,UCynS-8IyKKoXeg4HcZl64WA,2299401,3490,240
Nutrition Outlet,UCQZwUeC_4X__DV2ZSWnV77w,2272635,4120,273
Persona Nutrition,UCoUdq2JffKMpgRNLldMpZyA,2214328,658,358
Beauty and Diet,UCdjA4CoRhIZTMFcVfmlsKKA,2181954,4710,172
ŸÉŸàÿ™ÿ¥ ÿ£ÿ≥ŸÖÿßÿ° / diet with asmaa / coach asmaa,UC_IO20FT5lLEp2cRqkGPiHg,2025616,49400,365
The Diet Channel,UCH0YGmQrXNdVc0cCmMabDbg,2007933,26900,65
Madhuri's Diet Plan,UCnDwRTEKFZqF5dXE58liPAw,1966853,2490,867
ETOILE NOIRE DIET,UC3ziVr9EuaeEVD-9byz6DWQ,1919562,50900,364
WAYT nutrition,UCRDjCoJeyAJ2zJj6sgzfNGQ,1838154,7170,670
Optivita Nutrition,UCLFWuiq40BvO-vq_egfvNqQ,1746833,5220,108
Book A Week Diet,UClTLr9PeCyRSV9l4OjD5jyA,1740960,2080,5
African nutrition TV,UCHbXh5yXdCeRzMSc0TDKjig,1622254,31400,234
Timeline Nutrition,UCLrzBI9lZwDhYA4ifWh2vZw,1611047,744,22
THE VARIETY NUTRITION,UCYYK-ANZtn8Nd_xUqdbJJog,1602193,5570,2438
Zoe Nutrition For Life,UC4_DIIkk-pGtVmjF4D5VEoQ,1578345,1900,209
Origin Nutrition,UCnQzfURlxNheaT6UJEolwYQ,1559561,2900,262
‰∫ïÂ≤°‰∏ÄÁøî Diet Academy,UCXI8KoYyz5TEc7mI5UavGPg,1543188,14200,36
BTW NUTRITION,UCm-u2HQY6aUbKQD52ykRQ6w,1540796,5900,18
Power of Nutrition,UCEEIffW2pL7UZd3RTzlpdgA,1501240,13700,202
Live Life More Diet and Wellness,UCynhyvQukDCYE5PQ6mUiI1g,1495906,30200,781
Prorganiq Sports Nutrition,UCeifzXL0kIOevE84eU6TSWw,1464500,2060,163
Yoga Diet & Lifestyle,UCFYiz0nylYxUrXlXO2Pt5-g,1433348,4800,138
Nutrition Pro,UCYrh3oC_xAplZHwbFEP8YhA,1385243,14800,217
ÏïÑÎç∏Î¶∞ Adelyn Diet,UCXDfar8kyVa72atGx6U-LGQ,1379472,14100,117
Power Nutrition,UC7_TCmXdHxshWq0VEGggHvg,1357171,13900,163
EAT Not Diet,UCgpW9c9ZpZYjgta6CHOkfFQ,1350670,11700,278
Survivor Diet,UCeO1jbcJ_HSP6mlI0kNBvdA,1346781,3780,100
Butik Diet,UCSI5e6_sUOp9_LkGcRGwARw,1252233,18100,41
Jacked Nutrition,UC4eXSSTNIrmF3aydpKx5SVA,1251543,8950,294
NuBest Nutrition,UCYI-OunO7a1XxJq8fPXGmfg,1238574,5220,322
Sublation Media with Douglas Lain,UCw8UOnQWwTb8xHx0NDC_w5g,1232556,12400,465
"wonderqueentv - FITNESS, DIET & FASHION",UC32VklfSDwuwq1oIMUp6uAw,1228698,14500,19
Gagal Diet,UCwzHVQDHJZY0ilt3xgcNooQ,1206815,9380,386
bodybuilding and diet,UCtQPhn2s0zAECmsSbT9RYwQ,1176534,1960,1722
T. Colin Campbell Center for Nutrition Studies,UCvA4aEygxOtOewPDfGnnHmg,1175161,18100,268
Aesthetic Nutrition and Training,UCsRVAHuAgBTreU5y-2QRaIA,1151428,5310,142
AMPD Nutrition,UCnJVrBr-6pfznUFmO8cHz-Q,1150458,2080,43
Amy Berger - Keto Without the Crazy,UCmDz-SYYhoerycynsCm7L8g,1145370,30600,311
Oh Yeah ! Sports Nutrition 2,UCQPsyWDbrJTsQJ630-p496Q,1142067,1260,534
Plant Based Nutrition Support Group,UCs5h1mE8C7Py2y13i3yfvAw,1109418,23600,66
Ignite Nutrition,UCeIuc6Wh-xm_PlI5fPQNhJw,1089383,6160,28
Diet Water,UCfgVT0qt1p1110kknkQvXhw,1086477,1640,4
Rock Solid Nutrition,UCpal_zcjQ6Sc5Ej55d_j3Fg,1081766,961,121
NUTRITION LK,UCZGHL11Q3ctCzssElrHoVtg,1040912,37700,69
SuTasty Nutrition,UCZztU1mSaubV_VJ254ro4ag,1034888,2900,299
Diet Ninja,UC-oFD0rAtCP4UUqGS97wkeQ,1014695,27400,85
USN SA - Ultimate Sports Nutrition,UCVkpwvgM_K4Sg1xcTw4SElQ,1013757,3890,269
Diet & Fitness,UCG7NGzqzw97C0IBUo_ZdqlQ,1005235,13000,255
Institute of Child Nutrition,UC4tz7o6PmB4-1fJTXN9K1Uw,1000928,2750,268
The Diet Diary,UCbmBjlDQIr-bdJOIflEer0Q,998041,5700,156
Vikas Dhavaria - Nutrition,UCOXYjr0fyhxRGZGoN4Sgs6w,994880,16700,57
Elite Nutrition RVA,UCUxZp5k7XDxbKhU2YxsxEKw,968931,7810,1169
Samayal Diet,UChggdpKLbHdB0p_C1fBQQ6w,967152,2060,1664
K-Diet,UCb86C7D_UguKODxb0dY3Wsg,966212,5550,16
Pureline Nutrition,UCErUnhKOhzwy9_7Ucox5_UA,955147,4560,225
Nestl√© Nutrition Institute,UCPM_dpauuhdZJSkrY8i1NmQ,922643,11200,652
Whole Life Nutrition,UCiYTYuEwQrAG2sTKiaLaXZA,917186,9110,33
UNIQUE Weight Loss and Diet Clinic,UC-aFOLCQPJu5L6sFzlLE6uQ,911556,3950,338
ALL 4 DIET,UCC9xL5WakRNGqQz8uUx98tQ,893762,5520,131
Modern Health & Nutrition,UCvwW28-1N9XZwCxUuFjpsHg,888349,14300,506
FA Engineered Nutrition¬Æ,UCggaPU1tQRZJ-t7Ai1pmmwg,846250,5210,182
ŸäŸàŸÖŸäÿßÿ™ ŸÑŸàŸÑŸà ÿØÿßŸäÿ™_Lolo Diet,UCZaw07-iw3py94pruy6BQ4g,842987,2320,13
Thai Nutrition,UCbdr3wdLLqsY76xL9DfVqOQ,804832,15300,80
Menu Diet Real Food,UCRFiK9EUhU4SvyLLlm2kd3w,798877,12200,86
Mama Knows Nutrition,UCZVfWip9w-u0TQKCHWlRtWA,786435,5540,270
Optimum Nutrition HKTW,UCk7rI5i6UzPK54ZGvFd39BQ,765682,4,7
Diet & Fitness Tales,UCqHe1CoeoOIgHoslE9-bmYA,755750,8290,255
GM Nutrition,UC6PqblB1Z62SfbyzujeDbnQ,745819,47500,37
New Ways Nutrition,UCDyoXMxC2MfyOLxdn54dJ9w,733227,5700,73
Bright Diet,UCzJc5oNZ_0DikPo9l4jfKDQ,724802,13100,10
The Nutrition Diary,UCf3cp4yDMH2cztnykgsXKhQ,695436,8220,320
Free Nutrition,UCjBv0r1RtWWPdf8i9dc0quA,688260,4810,142
Diet & Fitness Marathi,UCh2Ad--Z_4XnooquoLO2JmA,687226,10200,84
Amit Yoga Diet,UCg7YOr5qbHP4A8wugfs4i5w,657106,4300,90
Central Nutrition,UCvJpzg3F4O1yhah9lUWHREQ,646814,21900,143
RUTBORN NUTRITION,UCKH6CPR9HA-m41nZTiGa4Xg,646516,1980,295
Soldiers Nutrition,UCGv2lykgfJu5s8SQ1ddbG5A,644964,1310,34
BlueCherry Nutrition,UCMidKGqHrLup6ZQy9czxMVw,629824,15900,99
Trouw Nutrition Benelux,UCxnc_pUli1FYG9oINgG7Vnw,622763,1170,182
 Switch Diet And Lifestyle,UCWgMOJzOD2wZ-yw72q92S_Q,611793,4930,17
Debm Diet Enak Bahagia Menyenangkan,UCZcYkRtOWg1EWZmG_xU0jiA,609082,71600,369
Diet Boot,UCbK_e07iQar7Sg1GjtCcg3g,606982,3350,939
Health Plus Nutrition,UCxFLre1xTXuD0NDyxbSiIKQ,605337,1160,56
Supermass Nutrition,UCXmMJFw9uioOctoX1FwNixA,599303,2900,39
ADM Animal Nutrition,UCz9V88FXvPgcjfDWUxsxQBA,592539,2520,184
Diabetes Diet Guy,UCg7nXAJHW0mKUaN-I-AhIKg,580420,7430,180
Aras rojhalati_Dr diet,UCY_FQUKvnAa-gS3kIe9lgcg,573890,11700,233
nutrition with shubham,UC4DO4lOS4s7HU9I9F-vpGjA,571373,2260,305
Nutrition World,UC2fu3wiWFI4YmQBLJYBBlKQ,570857,11100,302
GenZ Nutrition - USA Supplement Store,UCDg5La4YSiSLpqevbmy0-6Q,568650,3010,577
Signum Fitness & Nutrition,UC4sJ82xbtBWjWjuE_vL2d3Q,562855,479,636
Deliish Nutrition by Eva ,UCuocEwp40Pz5VrcxlymeYpQ,562830,5590,192
The Nutrition Store LLC,UCrza7Snzl1EfxE46UZjigcw,562664,1380,953
Dishin‚Äô Nutrition,UCli42LsTvw_r1NsEPMgxBQg,548761,1130,285
DIET TEHRI GARHWAL UTTARAKHAND,UCOnPblxymRfYuOTOWSChDMA,548348,4250,107
BEPERFECT NUTRITION,UC3vEg6IL-g4vS7rgP2ubEqQ,546049,4710,70
Sang Su diet (Ïù¥ÏÉÅÏàò Îã§Ïù¥Ïñ¥Ìä∏),UC8q4GCa3qMS3TvuHZgrLC9w,543104,5270,57
Ranawat Diet,UCIWkopvPi8Lfjn3iHDuUvKg,536177,9100,725
Toman Diet Official,UCe_wWYej4t-yc-Y9zCFz0mA,535693,3780,177
Fitness & Nutrition for Health,UCqOaAXiGToVFMu6Yi7udgeg,534245,1260,417
Ph·∫°m Gia Nutrition Channel,UC6kN5r585nPpuG3Hf2Ysn0Q,530217,4040,1057
Nutrition Guru Sanjeev Pandey,UC9hFBoo8iKNICsgrTJBSkoA,530123,7900,258
Nutrition Triathlon,UCex01xXyKqklIkdN3Oufh3g,523340,8530,133
diet kale,UCJ8IeBmbpjzYbJtaHsutwZw,523101,8800,17
Sudha Diet Clinic,UCZr0xOvAIcSFVvr_OS9t65w,521415,2700,686
Diet Cig - Topic,UC_yaYIb40E-8S0GdxZ0Nzbw,518201,635,67
Protective Diet,UCic4b-SuMEsUJf4IjIWBHNA,516471,4090,480
The Nutrition Spot,UCKCxbMCkaJy7avEBlJXdLRw,514114,1440,273
D.I.E.T BIDAR,UCp13ARDUaU_OU9XCVu0qALg,512159,4380,361
Jenn Clayton Nutrition,UCBJNoQCWfgE-L766S7m22qQ,509538,8250,344
Applied Nutrition,UCY_3DKl5NDcTwjIh7lLUGWA,500587,1230,68
CSIRO Total Wellbeing Diet,UCiGlXJ278HiTrH9sMmE9BGg,492209,2660,146
Diet with sana,UCR5I7B_cJdk_riJJlQlPWYQ,474491,17400,82
DIET BALLARI,UCeuUDhl_2qsGJcekjnlwjuA,471159,3620,361
Diet Direct,UC2atrcD5UUNYLdI04_KUM4w,465896,60,16
Snake Diet Fat Man,UC9mKMRge6cWrm9GU3LG9Y2A,465535,6700,289
Aloe Nutrition Telugu,UCpTaoBVhl1D1xG3rOwPEgig,452315,5660,222
Celebrity Diet & Workout routines,UC_pqY-AX8KjabowmJ4tCvug,445554,2460,64
Nutrition Laboratory,UC7V1pdXAmQrdksH-U_bL54Q,434263,5290,362
Kidney Diet,UCSjbKZIgDexvYC51be8pB2Q,431299,5000,223
"ÂõΩÁ´ãÂõΩ‰ºöÂõ≥Êõ∏È§®ÂÖ¨Âºè„ÉÅ„É£„É≥„Éç„É´ National Diet Library, Japan",UCHpDnv60i1LxOszXgBSE7DA,424399,4960,278
Nutrition for Dancers with Rachel Fine,UCaIiH31VMt1DxaJ4gYXGY7g,420657,2560,454
The Diet Doc,UCo7PPfKTKHuW8Sdi6SBhDdQ,420042,5000,1345
Nutrition Kitchen,UC8ga3DDigfOP9LSBNN4GQew,420029,5880,77
Diet vlog / mizo„Åø„Åû,UC2fdGUfcngrNHmRvqcwenUg,417742,4780,34
Diet Mum Repeat,UCXzv07BgIecD4_4UcivGjig,412145,740,1213
Shelley's Diet Diary,UCT7kT3k9fgZ_7ASXMCE9M8A,406534,21100,219
Romans Empire Nutrition Supplements ,UC1pTxOVx1nf9I85P99CRxPQ,402061,4270,371
XOXO Food Nutrition,UCVxcc0RCFkTSVx_GBi-Mqvw,401824,3450,314
Global Alliance for Improved Nutrition (GAIN),UC_U-ObpYKZtaSRtur_MYJHw,398937,2330,447
DIET Pune,UCrkKLZSl5BoHF_zoaSdf-OA,397260,8550,123
Minimalist Carnivore,UCu_lXOUJLpJWDKz5WiMHUbg,396274,8270,67
"66 Spirituality, Health & Nutrition",UC_0RHS4RmCaSL4RHLb-CNuQ,379610,4190,12
Advanced Nutrition and Health,UCcYD1hWXmWeT8FP_jmQFBBA,375851,9160,127
Clinica Smart Nutrition,UC18PxML-HX5urcxvMY5nCsA,373938,3110,149
Barrett Nutrition,UC5WyYtlXdiIf1ni_lv_WjCA,371565,4910,443
The Rebels Diet,UCzgU05K31tN-U1PVj3Ej4zw,367031,4200,188
DeFlame Nutrition by Dr. David Seaman,UC01BY1nkLX15_RdTd4LOK1g,365804,4600,111
G-Plans Custom Nutrition,UCVAWCVyHa376vqhOu9ar_BQ,365214,9350,116
JADEE Little Diet,UCRsvW9Ll1eybqM8LP_r18cA,361609,12300,30
The Kidney Nutrition Institute,UC9vF1GSa862RH0r64XEuOGA,361189,6250,140
DIET Mathura Online Classes,UC0VvFiidoYOWl9Q7QYiLCvA,360967,7200,354
TOMOSHIKI-DIET,UCTPhJ_dblL2gy16rMrPr68A,357151,10400,96
Diet Trash - Topic,UC4TOLVnjHPWHVC8ePfFBljA,353098,38,302
Ares Nutrition,UCBEIf1IAKsA_Ue4TBRjbEIw,351666,1570,244
Nutrition 108 INDIA,UCtFFDlmTdLzdMi75-bZ0ecA,349867,2490,334
KBakopoulos Nutrition,UCK0dHrB5mE_tyxRiCc9Ulgg,348076,9110,48
"Kidney Stone Diet with Nurse Jill Harris, LPN, CHC",UCgGU1UtFveq57MyN-Uqhz1A,346249,8830,210
Nutrition Detective,UCNbgzk3ouCb3r-pbA38fxjQ,340100,6230,182
Diet With Dema,UCLYdaIAfhpk6qPQpLHx1dKA,339021,17700,53
Performance Nutrition Podcast,UC-jYKOZ4ZzlAJfVexEp0NtQ,334772,5020,343
Om Nutrition India,UCn0fIlXDA5ZGN45U5OUnPUA,327826,2350,212
In The Flow Nutrition,UCT3Z3kL6Nsbhb0AY8mzpQhA,325810,4140,80
S√≠lvia Dicas Diet,UCcwSIaQGISSyExfXbqttU7Q,324528,5210,470
Ï£ºÎ∂ÄÏñ¥Ìä∏(ZUMBA & Diet),UCsNPbKG3psV6M5JQw7FtBGg,323636,1750,136
4+ Nutrition Official,UCo45A89HAWjgl7WT9HXETZA,320192,692,160
Nutrition & Diet Bites,UC5P5I2Vt_40n6VvhG_1zMOA,320074,762,392
BOLT Nutrition,UCPCGdM5mIr9q-2wACilZqPA,317358,10600,122
IOC Diploma Sports Nutrition,UCRvNgO9CU5NMWjrz9ijb-UQ,315842,3680,313
The Natural Human Diet,UCgQcOhexh4k4O-xR0x-BPyA,315288,6400,137
Driven Nutrition,UCjy35qRevXpMObZ8GlVl67Q,308248,876,391
Zen Diet,UC5Ax0oCq7YPhkWWgWnUULww,305578,1900,177
diet with lolo,UCSJPumQt-0FsghB8161sybw,303108,2810,53
The Institute of Holistic Nutrition - IHN,UCtn2ePsq20BW17U3fQbRong,296815,6550,111
Easy French diet,UCeBrT3JB2AJwqjhcuK7zc8A,295680,3320,26
Pure Nutrition,UC6J90GWNvR3DewlM0X6oAcQ,294912,1270,101
Garita Nutrition,UCoe4vIlHsk9EwFAChOi_8OQ,293455,661,434
Dariia Nutrition ,UCaSyRUFXOLYvpnJTD5bOPYg,288543,7490,42
BAJOLA - Fit bez diet,UCrwIwdZXqm6mkI1JF-mgl6g,286750,639,53
Diet Time ƒ∞zmir,UCsrSGinlqL5dy2tYp5BurAQ,281620,1110,91
Dark Blue Nutrition,UC8Gdcde0UUB4bfWUBJn3vdg,281572,3440,339
Fn Project - Nutrition Center,UCDX7HhzFUJjNhKNtUDsoGlQ,280762,3780,211
Devotion Nutrition LLC,UCmQCgDOc_q2FfPTd3spTs4w,280649,2950,340
Street Smart Nutrition | Dietitian Cara Harbstreet,UCWj-bji_BQEnSbcIbP17vlg,278489,844,129
Kevlaar Diet,UCO4YbPTUsNs9D9z2FmEly0Q,273578,7300,98
National Nutrition Council Official - Philippines,UCQLLyte66nqoURgepDm6_JQ,273027,2260,84
Ventura Nutrition,UCJyxlem3_dg7sNozyQQMwZg,272873,1460,200
Dietitian Kat Benson @ Unlocked Nutrition,UCDYcaFfuAjKOFc3a0lCShxw,271867,5890,165
Pure Nutrition USA,UCDkGzafzoLzTSaKbk4Z6nSw,269371,292,54
Jo's Diet Talk Telugu,UChLTjqKS-xr3bHLbi0izMug,265884,2710,85
Boydorr Nutrition,UCJvRB--3iyCqnACCHKofCtA,260013,2890,89
Nutrition baby and protein,UCkj-W3WRjvZ-8_uE4xL2INg,259713,6070,407
CSN : Christo Strydom Nutrition,UC8k6qYc1uNab1kURtG7s5xw,259548,665,229
DIET Nashik,UCVejzDWDdFcPfAweOE-0cVQ,258979,3260,99
Fit Nutrition Tamil,UCLiH044HzDW3VxiwJsA9kVA,253725,2700,315
Quality Nutrition,UCLlMnf5HFg1uCoTH3v-DZmw,252525,6240,271
Good Nutrition India,UCosNiEJhKHf8OU_4HCiv2MQ,251963,501,39
BestSource Nutrition,UC6fh3FVztzSH6Cu3jZaMPcA,251170,1480,137
Passion Sattvic Diet,UC-2JW18UiMDOir_arrpUNuw,250710,2360,116
Fit Diet 4 U Food,UCmLekToQf4LNolwSIq7MvrQ,248745,2820,509
Diet Concepts,UC31nPCilS8XOuWZEet2rYAg,248345,1380,173
95 Nutrition,UCvjueUl7lYcYyYmOkq2ZIiQ,246252,294,243
Wootu - Weight Loss Nutrition Clinic | Best Dietitian in Chennai | Best Nutritionist in Chennai,UCmPUI6EXrLSWrP-8iZ7DYaw,245716,1490,159
Nutrition International,UCswO0fpvAMIWxQ_ao_ZHjJw,238236,2710,163
AlaMirap Nutrition,UC2RqBPRmI7-n-uHzviAuZ9g,235186,10600,237
Motivational Diet by Mazhar Iqbal,UCJHMk5WGCXIOEvFb8NmHa9w,233337,18600,186
mysko diet - –ù—É—Ç—Ä–∏—Ü—ñ–æ–ª–æ–≥-–±—ñ–æ—Ö—ñ–º—ñ–∫ –ø—Ä–æ —Ö–∞—Ä—á—É–≤–∞–Ω–Ω—è,UCVmHekgWrokmLCGnaa06PIQ,230602,6080,72
Cherokee Barbell Strength & Nutrition,UCbQ4DiukWenIyfC1tj9A5nA,229426,267,387
Inner Beauty Diet channel,UChAMTBIK3rgggNgnMr8byWg,220137,3560,158
Samah diet,UC438yp6Ys1W700EKyaGv22Q,219212,2860,99
The Seasonal Diet,UCBb05PSApbWB9coEst9MnSg,217507,3680,268
Menu diet emak,UCwZBsLI54SXV3RYJ6GwHHUw,216171,1720,231
KN Nutrition,UCRG_1FWR_MpKwRsCeHOy9DA,214757,3100,155
Plant Nutrition by Stefanie,UC9C5S5xtajzraRi5p_ai0FA,214423,964,328
Avenir Nutrition,UCsaNTktuoNxfrpPh0616rmA,211448,238,203
Natural Smart Nutrition,UCFxx5sGHPC0WDLAym4J43Gg,210288,536,97
Dr Pranita's Obesity and Diet clinic,UCGDTkwF7GpxB3Mv9852qcmQ,205345,3900,346
Van Vlodorp - Nutrition,UCxkm1BxzKiyw2r1x_Q9enqg,200488,4760,78
Healthy Steps Nutrition & HSN Coaching,UCWUjMrAtLtWrN2FiySlK-Xw,199597,1450,419
diet zone,UC-PjYSZuagwxU3H-OELFWRg,198952,5970,467
Sport Sant√© Nutrition,UCtaq9_1_Jx2PVodzJAg7nwQ,198852,2530,322
Innovate Nutrition,UCCmp-MrpPR3b0wzygD5ui9w,197854,184,39
Calton Nutrition,UCKnzHwv7BsAuNCgQlf7r_cg,197119,1470,100
Neily on Nutrition,UC7tkrLgmnqS6rRLdVxasPsw,196693,1780,220
DNA diet by Dr. Rushikesh Trivedi,UCqBBTt-q4Q-Q4kZ1Qcpx-mg,195555,2130,89
Specialist Nutrition,UCGG5-KD1VeQImjiE9rxBjUA,194051,562,68
Thermo Diet,UCauBKKlO6m_zE0X77XopHTw,192468,2330,185
DIET SURENDRANAGAR,UCIwap1WIuNUUyXl9HL-blQw,192026,4460,448
Uttarakhand diet DELED ,UCRc1q2Y_35glbA1pmiHdRuA,191219,851,246
Nutrition Secrets,UCASgCAvNeuhvRoQZ5GuIjLw,189878,1380,629
Health & Nutrition Tv,UC8xhL1v81xDYxpAochnSt5w,189459,2610,288
NATURAL DIET Dott.ssa Barbara EVG,UCjYK54S4jOhs6aOJ_zCKyHw,189249,4950,309
NSP Nutrition,UC-1Vn1Dw8Lrg3liln1GQ7Gg,189173,1330,117
DIET DAHOD,UC6upXzLKGEO7Ugqj7qZ4D2A,188760,1860,15
Diet LABS,UCrI-ul00TytfE3Ji0NjPcpg,186674,1230,100
New Diet System NDS Dhartiben Thakkar,UCwyeTXD1wLoZg06X8VHcQSw,186100,2170,775
Ma. Christina Yu Diet,UCLXcHSGMtqAxj0kPJH9Asvw,182158,428,164
Alpha Dog Nutrition,UCZdyJ-LRDfBRQPNCEC-tvGQ,180949,1570,80
URI Nutrition,UCWRvGBisjf2gHYhveFxMpvQ,180565,1020,115
Sanjay Nagar Nutrition ,UCUy6CrKaWneggSeEcKKOZKQ,178607,1880,183
Diet coke,UCHD5AbtS_oDRakMLEpUXa5w,177731,1720,38
"Alima, Centre de nutrition sociale p√©rinatale ",UCCQVwx-IS67IfteO9X0fv_w,176750,197,39
Financial Nutrition,UC9zVGHKqE2mbuMDz1ZJJnAQ,169775,578,319
DIET MAHARAJGAN,UC-8oZ8H23MaRtCee2SteQqg,168330,3530,292
DIET Aurangabad,UCh1WXZLOznaA38uI0czvSuQ,167248,7450,77
Sagar Fitness Nutrition,UC4VdkaoJcu_cLW12lYTn_pw,166454,541,297
diet in medics,UCgWTpS4XXZswirmYO2AHuUg,166217,3750,116
K2 -BOX FITNESS & NUTRITION,UC_6LtYNgYTvEzoZgTNs0slg,165070,1420,527
Diet Of The Word Church,UCQs4pC8ZkOYExChGIoQ34lQ,163588,1410,534
Women's Nutrition Clinic,UCL4aSMyH1kqdP2fhLa_pY9Q,163314,2230,181
DROOLING DIET ACADEMY,UCzCzcIULdOucVRvDJe4pFfg,161031,595,295
Yummy Diet,UCLk7-Y8KBPEJxDrrwvDJOSw,159464,3200,11
Devi Diet,UCfS8TzPF1aisY99TPyTnNCg,157805,433,121
Docteur Damou - Nutrition,UCjt547sXhmUjoY0cdasfaGQ,156979,1720,192
Langlois' Vital Nutrition Center,UCKMDdZSEmJlsi1WgoxKIeyg,156689,1500,538
Ìù¨Îã§ÎπÑÎãπ diet cafe,UCli7723LNgQhxql7g061vfQ,156400,843,18
Souad‚Äôs Autism Safe Diet,UCMeXeMoOTUznNERYKVcCt7g,156208,2490,122
Dr Dharini Krishnan's Easy Diet,UCY3-2njjv7nLqpE0RHRqFCg,155169,5170,107
Willfits Workout & Diet Videos,UCE37HLqYgDtNgDIoGoxaHjQ,149925,442,679
My Diet Pill,UCCW29vwVH9cUgNOSAeeNe9Q,149088,188,51
Food diet health,UC0sTKFKfnUon2zSt_HsRA4A,146998,410,331
The Blue Light Diet,UCKTtfFq-diiCyZambg1WS9Q,145952,1660,93
Gnarly Nutrition,UC1qxVLzMxmwy_aZ1t9RzfKg,145128,679,88
Functional Diagnostic Nutrition,UC7xDnEKCe9gKeWZ2vbE3C8w,144622,2550,694
Busting Diet Myths Daily Motivation,UCww0lmdeQn4R_S1Lsp8vYGQ,144444,1700,940
PAN - Physicians Association for Nutrition,UCJTRRRsO4jjs6aMNpUtUEKA,140664,2790,77
RIGHT DIET WITH SHUBHA,UCMx5hzLC-QN16XUeY3luRVQ,140328,2960,132
Janaki Senthil Prasad,UCIxxPVCgIca2ygmU23Oxrgw,139903,3150,111
Layer Origin Nutrition,UC1WuvPnGK5xmpNCq8iqGk-A,139069,1280,59
End2End Nutrition,UCmIJiuk8JjeMWafuFZwn-5Q,137336,281,303
NUTRITION FITNESS ,UCnMaJWrxyFB2jZBbvk8c5Bw,137188,1080,101
Keto Diet,UCpMgdCqki_V9Js8wHVVqNAA,137012,792,73
Texas A&M Food and Nutrition Extension,UCvOlxkBMPCld5ts9IX6ixow,136287,489,39
Kalpana's Diet Tips & Vlogs,UCKFaHUhbzThyqicGimQrJKw,130410,409,69
Mommy on Diet,UCQUXGDIbdyZ5oZfR2Ccom-Q,126717,2430,128
Agape Nutrition,UCQZQy-vfSRP1T94yP2bLvYw,126596,882,121
Nutrition Africaine by Josie-K,UCz7sbJl3SFBxyV0JwKQjaMw,126112,1990,1256
Diet by Arpana,UCIzqkLMpfuUKeD5I9iHWRpw,124470,1150,124
Diet Delight With Niharika,UCq_Bh-n08AbdjHHq8xZi0TA,123378,5640,64
Infinity Fit: All-In-One Workout & Nutrition Plan,UCq24Itg_2vLZfWrzhavEx0g,122625,549,44
The Ikigai Diet,UCITxFTF4x1lgdh0vLKXCCAw,121293,2460,209
homeworkouts & healthy diet by niks,UCswOccJjjelp0ag7JU5wazQ,119959,634,86
FitFoods | Blood Sugar Diet,UCq_KNh4uWjmOvJ146blCaJg,119925,1890,293
Ethio Fitness & Nutrition,UCK7C0BT9hzxr6v1ijlupjMg,119657,3650,26
Wolf Nutrition,UCAx9B005gof6Oh1S1bzpRwA,117150,1570,28
Diet Hub,UCpDkO1go0yEJ2Ck86Yz-5lg,115930,185,25
Arturocoaching.nutrition,UCyX09fAr4xFAQs6Tf7Daj7g,115676,1000,186
Diet Tea Other Cola - Topic,UCfPZJpcGNv-ik5fh-6onX4w,115433,411,77
dacar nutrition center,UC5GTwBwyXJhY2xktwBEn9GA,114037,3000,27
Snake Diet Italia,UCWkOiR2GKSMCRg1hafmvMqw,113401,1540,90
Sustain Nutrition,UC5zq6qsXbkFhfPo6dzXFjlw,112779,1210,428
Paediatric Nutrition Knowledge Center,UCTYyd7vdmgkp3drMoAZoPTg,112699,2780,76
"DIET Lucknow ,Uttar Pradesh",UCKh6mhew6RRH7iBBNMh8XgA,110567,4810,146
Instituto Hi-Nutrition,UCrZWwU-DFnYGDqZscilcQ0w,108083,1810,71
piel diet,UCfOTU6KtBxedVXIUTFspIsQ,107875,568,219
Restart Diet,UCAN_qEm6w0TjxeyQyhH_hug,107325,758,139
üÖ• DIET PRATAPGARH,UC4S8H3faDTb9734xUAPUGRA,106812,4700,108
ketox diet club,UCbo6xRVGw0SFUC_HHnW3Arw,106634,874,45
Nutrition with Lorelei,UCj0DrGQLtSPK48gr64tfO2Q,105637,1020,113
Violet Diet,UC0dxWKHYHa6TFKYynkQ8rIQ,105560,1270,70
Reverdy Nutrition √âquine,UCId5fSC2oTUR6CqtVWE9oGQ,103817,600,177
American Society for Nutrition,UCfp8VO8Uh7tucHWhTTTw1pA,103654,2000,325
Personal diet,UCq_ipXKABe35FyoSBqERSBQ,102830,407,71
Purdue Extension Nutrition Education Program,UC6TkTuo46afqeXVZLnMAQLA,102704,223,103
Leopard Nutrition,UCSKOlgyfTXYCiAdL7I6utwA,101941,548,181
Diet'N' Bite,UCOKPicwVf4CaHtNeWXvHRTw,101497,462,290
Healthy Nutrition Info,UCTpjGhkBLlpZw0y8vcFrMOg,101466,177,126
Diet & Fitness Junction,UCJfEJ6ZVfPEvZOj_mTwtkcA,101320,1170,130
New Diet System Recipe By Suresh,UCloOZZ1QBM_S4WXnGgVD8-A,100782,1500,283
Guitar Nutrition,UCas7XjDdRau4SG3Z1d05dMA,100427,804,90
Haley Nutrition,UCe80-Gy4HJKVn9FaOH9NVRA,99927,938,116
Cross Nutrition Box,UCB7LSWE3meoK0rm9V81CY_A,99885,1310,287
ÿØ.ÿßŸÑŸÉŸäÿ™Ÿà ÿ®ÿßŸÑÿπÿ±ÿ®ŸäDR.Taha.Healthy Diet LifeStyle,UCfrGx8KmjhEGxByYLpUwGYg,99639,1460,118
Scientiffic Nutrition TV,UCzfEW61o2JpnEGDlUX1KgLg,98602,1910,130
Tesla Nutrition,UC78M6QPIxk5ynvKOdKjq4nA,98208,115,27
spice up renal diet,UCXldXjxkMniUOpGLI1fqWug,97849,1840,71
"Jamie Mastroberti MS, RDN - Sidebar Nutrition",UCZrkHPdhRhQFm5aQCqlMYNg,97567,1130,75
KICKASS NUTRITION ACADEMY,UCrnI09Zy-Cw-SsnqhhaRfFQ,97111,988,8
Eatrawmeat- Primal Diet Advice,UCypr2VEGR5xWOdkUHT-c5xQ,96211,754,255
Cosmic Nutrition,UCkY-j8eClaoowPMHikiA7xg,96016,603,126
DrSaurabh Jindal's nutrition world ,UCP7f_WuOblti89ZoXOtD05Q,95894,11000,13
Diet Tak,UCeh07MlgruFqy2L8ym7aUYQ,95850,669,311
Kemin Human Nutrition and Health,UCNr1Pw3PR5jL2bVP4kr5O9A,95714,841,135
Ultimate Nutrition,UCd5DRTqKtSgETRC_OIeSG1g,93985,1140,84
Siddharth Health and Nutrition,UCk9A_Smh6eqEaVrfYp2cIcA,93634,825,115
Let‚Äôs Talk Nutrition,UClMMKrmPjTkF3Zbal5SdoTw,92763,716,1802
nidhi health yoga diet lifestyle and travel,UC7utCwPu2CHmhnaM_508FgA,92665,683,323
Diet Clinic by Dt. Mahnoor,UCzTJfYhtapNH4RJOj_aI5wA,92590,4540,61
GainsX Nutrition,UCAD7xCufgJaizCJ9mmv3-5Q,92296,2700,107
JAZ Nutrition and Fitness,UC0FGB9b05CSkNaFFOXI18NQ,91802,1200,487
Diet Tips Expert,UCqm1trXWfHywSf53tN-Jlkw,91671,215,154
Diet Rasoi,UCaVkgQ8hkxjw09La9BxocmQ,91328,1370,228
Rumen Nutrition Solutions,UCF7KYs_gZ_te6F12U17w53w,88851,1490,59
Harshada's  Nutriwell diet Clinic,UC0KdqFC0h_cr_mnMUoo4KPw,87412,445,217
yummy diet Yummydiet,UCcVap6lOzx692o75Da4A-Ig,87267,3440,177
Dogfy Diet,UC87xnZhEJPfdQaYq1oaF4sA,87021,3420,52
Goaled Nutrition,UCBTzm6ywg-ZbYFo7fYxt-rA,86876,866,182
Healthy diet,UCFnvFU2ylURsODwUaePDCZw,85062,1540,142
Leviathan Nutrition,UCc4kyUGtl_QjSlndQqhO2Sg,84325,963,215
Diet Tom's,UC2NUBFqlIapYb-QzATrtGYg,83776,2710,77
Hidden Creek Nutrition,UCEbCFKyz_o8g5oDgb30LEHQ,83688,312,57
Diet Solution for All,UCCoPDcQUVpne4mmqL50lP_Q,82336,865,28
Nutrition Fitness,UCy7DBRkKVMaHI5LHh6CUYLQ,81851,389,43
Everyday Nutrition,UCBAQehPWDOclMhFGZy6gyPw,81839,1440,35
Paleta Diet dr Patrycja K≈Ç√≥sek-Bzowska,UCi925EYDwq74Wt_jLert0_A,81496,994,164
The Light Diet,UCu0Rv7akyA_qlwm1TH58eSg,80960,2340,10
Îã§ÎùºÎ∞∏diet life balance,UCLuALFG8bJwwudpNlBez9TQ,80499,486,82
Morgan Nutrition ,UCCUKq14-m3QSa1muvayVJJA,80253,664,66
 Diet is Magic,UCJZQrbIiZsaJHmofc5SLgzQ,78585,29800,39
Sound Nutrition,UCEHKvQymWc6hI0C2wmg4oag,78173,1080,171
MS NUTRITION,UCfRwTGbKD3ffRT7eoryB-Lg,77781,654,172
Life After Diets Podcast,UC7zeWi3gU__HiIqiJV_1wvQ,77471,1340,126
Sandy K Nutrition,UCIh48ov-SgbSUXsVeLL2qAg,77279,3050,133
The School of Naturopathic Nutrition,UC3EBAy9wwOlxysUbqIcvy8A,77232,471,69
Learn Nutrition and Dietetics,UCijewQbzJ5_MLk2v4H63ELQ,77186,1100,121
EW Nutrition,UCIvcb19uSOJXrUecTY8n_dA,76625,1350,105
Tribute Equine Nutrition,UCOk_yFlug6O8GbumR91opHQ,76360,398,88
OptimizeMe Nutrition,UCvYj0Dzc1NrDjy5KuXwU8pw,76353,2310,194
Diet for life | Hawraa Helbawi,UCP3iNTSn-Evb9j4jWpJouyA,76168,1300,88
CLAUDIA CALDWELL | Keto Diet & Weight Loss,UClc38P0kvKQEkksB5slrnPg,76077,13000,47
Oregon Dairy and Nutrition Council,UC7IZM2LVQmPsuBo9TtFPLGA,76075,477,102
AIRIN's DIET DIARY,UCU8jGCuwclIXweISbuwwXFA,75153,1060,20
DIET UNIVERSITY - Dietitian Deep & Gursharn Singh,UCEbrMNPtBjbfx235Nb4SSTw,74158,845,372
Divine Diet ‡Æ§‡ØÜ‡ÆØ‡Øç‡Æµ‡ØÄ‡Æï ‡Æ™‡Øã‡Æú‡Æ©‡ÆÆ‡Øç,UCMaZAvOU94sr5109KhHfpLQ,73293,669,74
ANZAR Nutrition,UC18FN5_lmhjr08t5dmxOeOQ,72873,5260,98
Jefo Nutrition,UCQXOHWgliYW9a7YX8v2FFFg,72265,1050,201
Diet health care,UCNX3PiiUvXSuzmkmEHAE5Pw,71784,188,120
Diet Smiles,UCKuZUL-egRbJbiagKYquBbA,71690,171,71
Jazzy Diet,UC0tLQSg7uBHhl7VtNEkyEhg,71500,325,65
ÿ£ŸÉŸÑÿ© ÿ™ÿ≥ÿ™ÿßŸáŸÑ Diet & Dasam with Vota,UCU6ZY_7dJGxRLXAUf9tD7XA,71135,1510,76
Diet & healthy,UCFUhCcqATYCRH_VOD97DxSA,71038,1520,49
Malkia Nutrition,UCD0A56OD25AD6dPnhS_GrDQ,70289,772,360
Natural diet,UCuGkyQ7oy5Y_wduhmskQ09g,70265,330,86
fit together diet together,UC52aDLDWrKScrMn9COCOZuA,69996,338,56
Foodka Taj Diet ki Xo8,UCoOFbOZoyZey9KFfGxDbXLg,69896,445,87
Diet & Fit,UCWkQ-Qv5FTHPTahN4h8pXoQ,69217,890,45
Let‚Äôs Learn Diet & Nutrition,UCTEASXsDsb9Rg2NPIeIp-sQ,67425,731,26
Your Pet Nutrition,UCCVBCfXJ2C-MQuhI2ZV441Q,67192,1640,18
Diet Lab by Priya,UCfsHCKp58jI8C9FAOooQH-w,66370,1160,43
Diet Insights ,UC_xqetAADMMyABr8AAYO7AQ,65214,1930,67
The Common Sense Diet,UCEVYZKE-qsX29ThxT8qPJxw,64965,976,69
Ask Diet India Dietitian Dr. Raman Dhami,UCbcFPnplfUqgm3bhIifMH8A,64948,1650,60
The Crypto Diet ,UC0Dd8YqhxY_dYQBdod7cF4w,64733,1090,182
Manish chaudhary Fitness & Nutrition,UCGFEOdLgtCUEUzyuXXe6ktg,64011,608,232
Diet Nahi Ho Payegi,UCcZ-IERIfkBJAdg7jnlvbeQ,63986,97,47
DAVIS NUTRITION,UCJF9-hkxEeowfacqdjTiCwg,63795,333,13
not another diet: weight loss without dieting,UCZtA1f3LSP2qJSGTqDBV1PQ,63727,271,141
REAL DIET SYSTEM ,UCI0fhdZ691khmhIao2bM3-Q,63560,1310,267
Nutrition Society Wayamba University of Sri Lanka,UCDQTMRCUVe_vqWoK3nYt5Yw,63004,1230,23
Nutrition TROPMED,UCiPUrpr31eQQUdRqSX2IqiQ,62972,724,55
TSK DIET,UCMAL24lKIW4l4xEPF5K044g,61635,3110,50
Nutrition for Health | #shorts,UCf8RYeAK0YclC7iMaGLshzg,59747,272,127
The Nutrition Studio by Shivi,UCInX9AJeEIxRwgj68e035xw,59537,77,20
Sam's Diet Kitchen,UCVuUHhDg2kIAPSm-8AOj5qw,58420,659,33
Nutrition Mission,UC_lmA7y0u0UyGBhtUYKyrGw,57993,357,136
Titan Nutrition,UCXp8zIl58ShpR1-x0mTAhkg,57726,214,217
Fat Girl on a Diet,UCl_fqNlr39KSSjupwHgKDtA,57442,1580,28
Trouw Nutrition Italia,UCqTBw2X_d5NNYQ6btKxjnJA,56341,305,23
Nutrition Tuition World,UCjRJMF03lxXLBGxo3nXEL8Q,55847,1400,78
Magic Nutrition,UCiYvaPYoQHSjPIDri4cf6wg,55411,540,97
Fat Ladies Don't Diet,UC6pIRJUqdNEPzD8davNjXHA,55203,434,66
kokoy la diet,UCuxxW0CaYEpgpwgWhRWpcuQ,54460,93,10
Sajal's Diet Falsafa,UCb80zAHPVejLLNlwnlJRfqg,54367,4230,29
Bulk & Cutz Nutrition,UCNgwJALkzxXTxfXajWDE-SA,54302,668,49
navsari diet,UCEIpqy9DgNwDNNX_PfMrlew,53749,458,58
Nutrition by Shantel ,UCubHMYqYvfivKbGOiPdgR9w,53684,2220,9
Diet Society Thailand,UCEy9uFowHTJIshceeRupVWw,53118,2360,19
Diet beauty box,UC7CpGBPcms8ngixcabko4Ww,52972,351,31
"Nutrition Dietetics, Healthcare Management & Psych",UCsk2NvhpIhGtXjwYsaGKmjA,52941,951,287
So Fresh & Diet,UCqQpYtM7V8BaVY6162NOrkA,51340,1020,178
Nutrition Data,UC4AgZ3gH-HGw4cm1Op12xDA,50962,209,130
Muscle & Nutrition,UCt0FZun0mp-bfMG-NiKi_HQ,50889,1290,181
Force Nutrition Labs,UCme_FNPk_qrcF6IctRQsbOA,50162,229,103
Nutrition Society of India Mumbai Chapter,UCS36PFX_lRp89USbiu99kzQ,49939,2550,44
AIPGI Nutrition,UCGryQ9U9SYypDyr2t0Jz3kg,49501,1100,29
Buckeye Nutrition,UC1fBSAwGBv4V_SQEpbxBcqw,49366,419,92
Rain Seed Based Nutrition,UCoRMr9NEugoJPOqItDbms3A,48725,671,156
IF Nutrition,UCltusMvcpyDLErhH-TS4xXQ,48656,442,73
Tuttle Nutrition,UCDmAO5EGzwnaIoxVqz0MPsQ,48366,1410,34
Nutrition Network,UCrSoGhGFZ4CkIXC9UeBAqeA,47690,1540,160
Dukan Diet By Lala in Azerbaijan,UCPwChwIXoDABomsFh05XGpA,47540,1370,60
Diet and Nutrition Expert Simmi Khanna,UC2PLat90ye3rU1NdwgF_KLA,46691,1180,23
Nutrition _ka,UCZXN3CjLAf_NjF9cYgaWy4w,46237,316,113
Nutrition Security,UCOZKgIGSxf9ld2Re5LZOpSg,45324,434,56
DIET FATEHABAD,UCK1RFEPGGeioJJjigj0p-eA,45246,321,47
DIET Ahmedpur,UC6plSaWFw7o7ay79EsDYMUg,44935,568,87
Carbon Diet Coach,UCnL-3tknVA8IR9Y6iGLB8ew,43979,3340,62
Bad Ass Nutrition,UCvFjztxSyFHBdzXzy9emyLA,43736,304,23
Rio Health Nutrition,UCQUIAJUK5UeKHkTlTFLdVfw,43523,1200,93
Vet-Nutrition,UC-SHD3ipJVf2b0brd2u2FLA,43323,551,58
Doctor's Nutrition,UCOXQCdewEK0aTUif5-RybVw,43165,963,270
NUTRITION AT YOUR DOORSTEP,UC3EBvrkiqHxB9WY_mjbdzMg,42635,2360,92
SunRise Sport and Nutrition,UCDDMycWVYXEypuFs6V9ITWw,42290,937,130
Nutrition 22 Chandigarh,UC7iDrylwuwJYZohhcwTurbQ,41998,640,91
Switch Nutrition,UCiAI9Py4AIoycMUk9zevjFA,41555,67,30
ÿ£ŸÖŸäÿ± ÿØÿßŸäÿ™ AMIR DIET,UC6kmVnXSIxTsJDSKBKYQ-Wg,40335,1920,54
Sicilian Secret Diet Plan,UCuETL5ZwhL3o_M85STmHEQg,39967,451,75
CERRIL¬Æ IQ Plant Nutrition ,UCLAIg5j2PNXBO_1sCjUQPDw,39626,228,18
PCOS Nutrition Center,UCcErL2zySG9jjxsSAuD2MXw,39083,1200,12
Diet Coret,UChJBZB7naTJaqX55r24SzOA,39013,387000,16
Diet Coke,UCZCOHRqaKeRVfKSwjEGAF5A,37916,12200,5
Live Life Nutrition,UCbK5Dvpy0QM7rjUijs-rt5w,37698,1160,41
GCode Nutrition,UCyiyVch3w9jqWFoSVyxHyYQ,37485,386,148
Hammer Nutrition,UC9LlchRKUW4SYK9JEAUhyCA,37252,812,97
Sanghi's Diet Therapy,UC3He3WjZTqAiLPWAiB373qw,36973,201,136
Atomic Strength Nutrition,UCsKLqbvjV9RG_ZrkZZF377A,35896,101,55
GFit Nutrition,UChf436ew-gNx3Xtl5r0mncg,35594,283,41
Fitness Diet Tips channel 9453,UCl51ca26Bc12NUHDEINWl3w,35435,144,35
Nutrition en kabyle,UCWaTOak9SxOtfkOIWk5QmKQ,35422,793,113
Faith-Filled Mindful Living & Nutrition w/ Tamara ,UCoyB0t9sGz1WOOyaIiiy6kw,35333,519,149
DIET ALAPPUZHA,UCJ638MLOJdSCukaza0P1vbQ,35323,1050,37
My Diet Chart,UCV0aQDveybbkk56e7XXeGKw,35289,842,139
diet lemon,UCzdbLJvQyd4BkM-YXsn-b2g,35072,1020,3
Clem&Thyme Nutrition,UCx1m2cxT_C6Xd6Afd4pTDig,34820,409,108
Diet Barabanki,UCLfACTO4-mU73CpFCahO5KQ,34731,2110,34
Appropriate Diet Therapy,UCCVGP78ojpT_SjFcgxqIFeg,34318,435,71
Baouw! Organic Nutrition,UCru9Z6oyORHrJCatIPayrpA,33511,475,28
Nutrition mood cafe,UCfpSzsHA3jdVeDrCzLRzxwQ,33422,325,34
Bite And Diet - Dietician Priyanka,UCwl1Lbkl0PhwYm8j3j8fo1A,33085,666,133
Diet Armour,UCGvXFhSH8Hy9QJIf0ueLcBQ,32774,284,126
Diet bangla ,UCoDjZAc0CR0umPpzCZ2xIPQ,32547,2180,21
The Mindful Diet ,UCgR0hi3FzXbcEPk-1q036Zg,32479,825,42
Smart e-Diet,UCZAnRk56L8GRYHhPvgYxaGA,32114,47,139
Dance and Diet,UCTy8ZqNdQhnjn52SpdYVXzg,32094,397,10
Emma's Nutrition,UCMFQbRnxvPmKUVX_4CG3b-w,31975,1010,83
PAHAL NUTRITION REWARI,UCb_M1iod7B3exhtfuJVnV7Q,31543,174,26
Nutrition In YOU by Dima Chernov,UCAvWMqaZ0jBQVdLKCv8_orw,31467,553,89
Nutrition Weight loss Tips,UCZzmwqK7TRpwbI6Ym2kdQ4A,31137,84,160
Snake Diet Abridged,UC0_nf81Hap3EnsAc2RF2zXQ,30552,429,38
BIKIN SUSAH DIET,UCVZA0hLgrnj8pZizjQizgSw,30503,398,18
Mihira Nutrition Centre,UCU1NB-zgp8J1ipT9Z-UYyEw,30234,1070,271
Tactic Nutrition,UCLigLv1cboMzQaAYfyV8Z1w,30000,818,189
Ma2ke Healthy Diet,UCZD_maB44xOyr5sPd_5CZiQ,29761,57,103
Lykaia Nutrition,UCMYGRmMit4chum_-37YcnEw,29679,68,69
Craig Watson Sports Nutrition,UCMTTciYGTxGqIQTGGMb_pEQ,29120,86,106
Nutrition Life Circle,UC5lDQe54Seg222hnTSIeZMA,28858,1340,103
Best Diet,UC_ntec8-Pb2UQlJjR_4XuqQ,28261,39,36
Tripping on nutrition,UCGjo3g_0JkWbJsTgElQ-yIA,28248,460,28
Karishma Shah Nutrition ,UCa_iWYyCr_KDxDd7eWWiaYg,28220,1230,231
Care Through Nutrition,UCgkXV98H7y5DfGOPW0dLjdQ,27959,424,46
DIET BHANDARA,UCKF9BtzGdpzPsOh_khfhbug,27883,1080,46
Dip Diet - Topic,UCPGbCK1tVxktiqUgfQJ91eQ,27882,74,18
Reset Nutrition,UCirGbBgCK3ZW6R-i3bWhAKw,27545,212,44
Petronella Ravenshear The Human Being Diet,UCbzQeLJku5UnOu4e7u9YVLw,27137,620,14
The Ketogenic Diet,UClWhGPZRXLbwwv3bxF_fU0w,27114,115,63
DEAR DIET,UCP_mUVBnzV-DS67PsYp69fA,26845,534,295
Healthy&simple Diet,UCi72bXsAc81NvVI3rjdQ-Sg,26450,257,91
Health & Nutrition Power,UCqARvirAUftMXDaElAO8IaQ,25548,82,112
Diet Pintar,UCJn6VftWsaI1_6LBbchZPag,25484,335,46
„Åæ„Åï„Åø„Äå2‰∫∫ÂàÜ„Äç#Diet,UCP4fIp-BS1atyGDt36GnMFw,25456,51,10
Fulfil Nutrition,UC00y8Nlb_mXUpziUU3Ug2IQ,25316,456,41
Diet By Afifah,UCpRzK4PqGtk2j_j6HDnz3hw,25150,1020,87
Diet Water,UC13LOHJqG1u3BGBFCr2hbMQ,25119,244,35
ABBABUNDANCE & NUTRITION,UCw_o3RBLNyRYqi4yFBHTlyA,24969,906,100
ONLY DIET,UCMuX13qBYDOE6TkkM2m9oYg,24706,33,3
Diet Chef,UCXV0bMOwGtQqXDx8Bkje-sw,24485,416,63
LOW CARB DIET,UCNbQ52uwqJyxG7_4mp6n1CA,23880,69,90
Laurane Nutrition,UCBmDVQRCjKMi23r6_HRJRbQ,23806,1030,6
Nutrition Fast!,UCC25JCrC5A47IOQISB4omMw,23645,382,172
PBNM - Plant Based Nutrition Movement,UCrHajqYAnc6b0syopySVkOg,23634,572,232
Nutrition de Vie,UCrxK47BpT4A1V3FK4HrJ4XQ,23630,621,64
Nutrition Therapy by Deepika Raghuveer,UClL5ziOwmJUNyeybmYbVCzQ,23447,104,35
INC Nutrition,UCivK6ynL9NmyqA4VFB4oqJA,23421,368,87
SharkTank Diet,UC_xn3rLPnOWs8zOf7SQERog,23379,86,19
Disruptive Nutrition,UCi2FWLCa2CgxzqTwoKAt1Sg,23292,597,368
Friedman School Nutrition Science & Policy,UCRo5LtLnk9hQcnlTgBMB8cw,22975,377,222
BIO-fit Nutrition,UCYGXfovgYie8UUgYFxhtEAQ,22474,613,64
Amu Nutrition,UCCaeZaObIjNT0wP50tD3vpw,22472,370,35
Sessions With Jess - Jess Wilson Nutrition,UCfWug3v8bvuiFgLmALYT5nw,22286,87,64
Divya Diet Zone,UCRpbazQ9zwJrzwlfAP_O7iw,22215,229,125
THE DIET CHEF By YASH BHATKAR,UCq_YKsVQvsFD3QjeKeemAXA,22192,129,285
The 1:1 Diet by Cambridge Weight Plan Australia,UCkdnGSn-c3F1OYHVzrLCZcQ,22156,96,54
Occidental Nutrition,UCUBuM3eolTaJ60GVkvVUHog,22084,611,86
Campus Nutrition,UCknRTz5A-1v7QSAqP0URjIw,21479,29,35
Stanford Nutrition,UCym4hh_CggCXw7VTcA4RYMA,21271,593,10
"DIET, Jagatsinghpur (Teacher Education-Priyabrata)",UC_IBv9radfvv3iMYK7mv53w,21090,430,41
Diet Lite,UCusFj1wQMbpOxHb2XvtZYsA,20933,314,90
Specific Carbohydrate Diet Association Library,UCVWSAgX251LV5RipsD1Q4xQ,20922,460,41
Nutrition 101 by Charles,UCXHBzXAiq1KEB1lbwsjtBLw,20590,332,113
Planted Nutrition,UCJXaTtL_lKWnSz6TcNCJK0A,20321,262,77
Tailwind Nutrition,UCVnUFKMZ9K3aNU3jibwHiNg,20319,628,3
Diet and Fight,UCQKvNFHP6E2HQ6iJwCV5IUA,20132,245,180
The Church Of Da Diet Melaninüíí,UCNtBPU6TAJo_zNoECJGsyNQ,18930,2170,77
Inform Nutrition Ireland,UCt6pE0xmCpLGfLhIq-FWOcA,18868,174,34
CEN Nutrition,UCEAfxNcewAil4nigbdBS9hw,18842,140,52
Stefanie Griffin - Nutrition Consulting,UCVHz6d1ZD9ROiELhQbH7FOw,18841,56,3
The News Diet,UCpAVVySOP03F9ez0zS6_LwQ,18832,370,53
Redzone Nutrition,UCS3tqJe2iynjT3742-UxwDQ,18706,91,24
Diet Sitapur,UCKLzQDhG3czLlpHZx-TBngg,18457,404,30
NAKPRO Nutrition,UCjUx31jFrtMk8gt5mX3LTTg,18451,128,25
KICK-DIET  ‰ª£Ë°®„ÄÄÊùæÊú¨Ëä≥ÈÅì,UCO2m4UhYuajZSeH0Dm-eNBg,18429,590,54
Journal of the Academy of Nutrition and Dietetics,UCvgEcQu2-36azfAacT18kjw,18343,538,72
Yellow Bowl: Nutrition and Lifestyle Clinic,UCWphTYKHf2u8N6cFTd4xIOA,18207,136,321
keto Diet Clan,UC_1xYlP4kgUNXygfSbfuSLA,18066,88,33
Weight loss And Diet Plans,UCWqlKjJX37VQMl8dCoZWSZw,17860,73,51
diet rowida essam,UCINEiK9oegVKjHx-eCUMnbg,17826,474,62
DIET Firozabad Official,UCM3_vhKvevN-w8x_J8EMqDQ,17755,711,139
Diet on the Beat - Topic,UCYbMKn4ZVvKsbH5euDpcw8g,17668,65,107
Meetu's DIET,UCNcLTqlxJZTkeu8Lb1Vg3Mg,17648,265,42
Fiercely Fueled Nutrition,UC7sAH26zWzvrI-73I1J3icA,17504,71,145
Pet Nutrition,UCCcEb7dSlM9U5iabXMHeS6g,17411,38,5
Nutrition facts,UCZ9mNBMf8EJJU9uAEPEyFVw,17313,106,261
Nutrition And Nourishment,UCPahsiKbCKTiqrdWxKO4KiQ,16580,45,42
Daily Nutrition,UCk9a78CJDj48qTkXJ2yvavA,16534,339,44
Diet Hacks,UCqioLWTiAAPoP5m6jgY_jfA,16465,212,33
Corporeal Nutrition,UC1Z16IBjZvwPVVF2nYNb8gQ,16107,567,19
Diet Is Everything,UCNbOLPDAvQP7locuz0f1zdQ,15821,638,41
Dietician Archana's Diet Chart,UCiVSIvwqgOvBKkrXEBqTU4w,15710,126,49
AZ NUTRITION,UCWQ4EtHyUXZaFiy43cAqkeQ,15504,304,19
Diet X Diet,UCYSR-RhdHZfdritGdo_XQBw,15231,77,28
Diet Food By Dietician Aarti k Bhasinn,UCMWCGJFU41uIE8crLzGtyQQ,15072,425,95
RPM Nutrition,UCal6Ai8MnknI-RDoT0dSbaA,14952,40,30
Reshape Diet Studio,UCUu_AwdDy8EPXeZpjReSpdg,14915,140,81
The Perfect Nutrition,UC8nca2ckzHph1MSFf2mJMdg,14882,113,15
VVS da Diet Milk Man - Topic,UCrG4GUn1Lv3lQ1CyvqYrTZA,14703,6,58
Health & Nutrition,UCJlXK-xKttkjkkRvGdhGImw,14702,81,150
Dishing Up Nutrition,UCSwsz-5cM-K58QDaCB0rjfw,14696,473,316
Diet Mantra By Dietitian Kamini,UCeq_ULkBjJCTp6xxkepj7CA,14507,704,38
Diet And Yoga Shorts,UCaKwThMVjxlgDYSOMGOLmWg,14410,86,42
Keto Diet Recipes,UCGCbP8imsvXL6nh1mY18WyA,14354,124,140
Diet' en Transition,UCPGo58QClcFh50HeHA6jwhw,14282,438,62
Village Nutrition,UCevH5z3rCUIw1HjjzUX8AkQ,14085,75400,39
ITG Diet,UCMQw2GbrY_VxxaXSd75iXyQ,13811,80,32
Compass Rose Nutrition and Wellness,UCwVtyUSqCN5evJFoKJyZlEg,13804,107,333
isaac nutrition,UCJbhhdc2L2aKg1JFjdMppZg,13362,54,20
WORD DIET TV,UCR0aevwFy_hX99VWhFdiiRA,13204,1480,637
DIET WITH GARIMA,UCuLAAaLo0eojVuNgvbVMCYw,12935,210,36
Diet Trends,UCoJs6wDB6upH4_QYkp1d1LQ,12658,84,29
diet lemon - Topic,UC4K6WlRX9TmO1DB-UnNVZ3w,12438,339,9
LA nutrition iraq,UCa6JT99NPjXQZKu5KbOw1Gw,12205,79,52
MT Team Nutrition,UC7wpHgRhAcJv7VUtq1zt8Pw,12091,75,80
APE Nutrition,UCEG_ltPilcKVrs6zN7iSj4g,11352,402,35
DIET SHAHJAHANPUR,UCcQfSEsLVzgTMSZd5boW9TA,11193,270,39
Body Mass Nutrition,UCrUQTkgRlGPER9q1VBoKP1Q,11156,29,9
Klinik Diet KAHS UIAM,UCF-wjIjkp_HB2M630QLnWpQ,11082,464,52
NZ Nutrition Foundation,UCQEUDG0S5UfoCtW1u1L_g_w,10750,148,14
Country Doctor Nutrition Show,UCwK9qGcbDt-HsdKDPJ73Tyg,10385,255,71
The Homely Diet Clinic,UCrfq9tnibzAm82eCYacQsIg,10243,350,62
Dugdale Nutrition,UCUkngF5DyJZ15gI3VxzD9kA,10024,24,38
yar diet aale,UC91jkIju-MSAZPuH8uVGJ2w,9829,211,48
The Christian Diet,UCfplRMj_U1W65yjsdT7JMHA,9778,59,3
Perroulaz Nutrition,UC9URJF86NQSy3Hktm3-hyHg,9715,38,37
HARDBODY NUTRITION,UCIn_UDFgYg39o0znvBQzN-w,9439,0,1
Ron Fields Nutrition,UCYNFTpHtblW43SKx9eYwbTw,9295,127,18
The Nutrition Coach Pharmacist,UCkD50thvW_4kJZSd2E8qWtw,9167,148,56
ÌîÑÎ°úÏ†ùÌä∏ Bob's Diet,UCAglCIGu_ZumN8ogHNSqorQ,9151,36,11
Delicious Keto Diet Recipes,UCKO_hEpNdYbifGSk14dqumw,9064,50,21
Jo's Diet Talk,UCJ8YhPlAyDMLu--D5hp6aoQ,8888,590,36
Naughty Nutrition,UCdsenyg2ZE644GdzHPa2oLg,8767,146,75
PHYSIC NUTRITION,UCtrY6FY9HHC-Imt9Xg-QHsA,8646,235,25
Modern Diet - Topic,UCssKvxPJd9jIOzuWWU4Spig,8505,0,24
Brian Brezinski ‚Äî Brezinski Nutrition,UCvVslcgKxNEY3KNjpUN6d5g,8445,213,15
Juninho Diet - Topic,UCWG4-GbWKAU3zuhgpR6NIbg,8358,43,2
Serval India Animal Nutrition,UCL6LQCLXjQckNVkXFaFmxXg,8310,259,23
TACTICAL NUTRITION AND PERFORMANCE ,UC1EwlQ6EhdS0FppFCfBoIZA,8276,195,47
Diet By Choice,UCfgXik8P4FGY0ZdZoNizzbQ,8228,131,90
Nutrition infos,UCYdS1Y8TNVBq65WkeMt8qyw,8182,42,8
Diet Recall,UCp1Cwe4TBi5bk1nCreb8hQA,8093,65,83
Nutrition with Tadka,UCWtbIppGw5TVOLwLXUdKq1w,8004,283,20
Nutrition Dynamic,UCkfEqLk0Rdq44jhpKaMcZNA,7948,688,18
The Diet Town,UCplONr38kRJ7lBtmwzVZaXA,7942,203,17
Yamuna Diet book,UCFakHc-AOrwDYOXZ-YUbn4Q,7927,425,47
DIET Junagadh Official,UCDxYOwXZSJGklJgoXDbEiIw,7705,237,63
Salt Valley Chiropractic & Nutrition Clinic,UCkD84ihs2OOLPeD23eAHhXg,7660,18,15
DIET Krishnagiri,UCFWJfnrNFQKaDwYzn4QQYpA,7596,546,23
CJ BIO Official Animal Nutrition & Health,UCaryQuv1jDDgOI8-k2Q4_bw,7536,162,33
Diabetic Diet  care (DDC),UCr6EI_AgfxyKJzDqW6qX4nw,7515,750,21
Data for Nutrition,UCNJfQ-1Fto4PgZP8FK0Xsfg,7327,269,31
Holistic Nutrition Works,UC5RPgMpOPLwtTa3w5csEMSg,7312,280,76
ky nutrition,UC9_HRhetvZIMdnE4zwfB4Ng,7054,152,17
DMO Nutrition Clinics,UCAwcQ_1_R-h9jTm3Hp19htw,6979,395,24
Pat-Nutrition Belgium,UCd1KPnBRPdcPQDAo7Emjh2w,6856,110,10
Diet Nourish Key Clinic,UC1pJtZ3_wMgVPnN56KfbVRw,6541,191,20
Endura Sports Nutrition,UChbwsOIZdRbprOt9Sk5PDVg,6391,37,17
Multi Fitness Nutrition,UCvjrzz3WuYvaIx3mca4mpvw,6373,118,42
Nutrition - Topic,UCw6u5v_FeD6oxk4pi9A9j_Q,6342,13,3
Diet Nabor,UCCrlToc-Pwazvgr_xJh3eBA,6161,127,21
Ditched My Diet,UC_IoxpRgpBanaX5qSA5j81g,6114,98,32
Applied Nutrition Vietnam,UC35SG2mQ1OyDVYIH0kwNhJg,6011,63,82
Diet Smokes - Topic,UCagTsQ0Yrc_c0f_hCF_uPiw,5942,10,22
Athens Nutrition,UC5REZ_th7gnOK2W3xPZZuoA,5921,61,89
COGNIZE NUTRITION,UCiTTi0AjDf_P-Ye7xqqR2rA,5768,575,33
Travel Diet,UCTQg2PDlRd3WaeMChm_7ozw,5736,57,32
Dance Diet Yoga,UCd461GoX6GxlfDOVk96HPAw,5658,32,19
EMU Eagle Nutrition Services,UCa5xtn8LTFq-u0wKrKq3ZNw,5444,101,49
Texas Last Diet,UCWDQBTz-dtsCYVidwryKASw,5340,82,156
Rational Diet - Topic,UCZMdalMBpCOzwFbSErfRd-w,5084,36,16
Diet Punk - Topic,UCOlReFeo-rhC08CvMWP-RJQ,5002,14,7
DIET BONGAIGAON,UCXlGsc51CL03xR_f89S0BNg,4909,210,38
DIET Kargil,UCeFNjT9PXRcOyLqcmQ2rLcw,4896,37,139
Healthy Nutrition,UCxLaiD-yYhzf8W_jEpuce4g,4824,1150,12
My Diet by Mehak Bansal,UCWkdIHZIf3RU1Z1RVovNmIQ,4630,123,152
Nutrition Nation,UCC11ijnvh6eXFDvQ1S9Oj-Q,4450,29,14
The diet institutions - Topic,UCN1mhBd5Nnl5MNfSBP8p2dA,4425,0,50
Diet Doctors United - Topic,UCbERfcSgTqpWAejdS97g6Mw,4208,5,79
LOVE DIET MEDIA,UC9GPzRgDy7vCtpPoPWEPP2Q,4020,166,11
The Diet Expert,UCQAnyZkos5NWlI5aAMaq5Tw,3984,1940,7
GAIN Pet Nutrition,UCTVzeomq6M_UgHz-6hFUDnA,3905,12,23
Nimra's Nutrition Lounge,UCMwZqyBS1YhmhiEvbyNlHrQ,3894,114,24
Harvest Nutrition & Wellness,UCvtmDS4s5IzJ-kdHLYN6BrQ,3850,127,17
Marquinhos Diet - Topic,UCuKLd1eNyYKDNloihRwQnLQ,3804,133,24
Diet Pill - Topic,UCCPK3WVaTW1V6AI7JBNsELw,3793,22,40
Roadhouse Diet - Topic,UCctp_a-Cd82THF3HZzHFSqA,3721,26,24
PG Department of Food and Nutrition BHC,UCpzzErhuFu8985F0Vqt3EKQ,3715,178,29
Melissa Cadou Nutrition,UCg8JTs2WGtfrANcxBWW0N5g,3703,183,20
Af Nutrition,UC5FPNkevxu7Ux8htCGxrYQw,3633,59,10
Garlic Frog Diet - Topic,UCZjv8GI0YizwaSpjCNnk1PQ,3511,15,72
one kito diet,UCTLar0X867tC_LU19189rlQ,3455,9,10
Jo Gamble | Embracing Nutrition,UCp4jhdmSVeRY_PrhNjMRwtw,3257,123,29
Northwest Nutrition Service,UCnQ1z3vMHJdCSQBwrrKhwMA,3196,27,19
House of Diet,UCd5oLCS07tM_sYbuytwrxBA,3177,31,35
Diet Riot - Topic,UCs1_PdDyOBRFs9JkgZdtxew,3173,35,29
The Beer Diet Guy,UCgtSDBbSuVvq2p7QTdleN7Q,3113,58,35
Parasite Diet - Topic,UCetmBEmGDsffxYypBG8UqJw,3073,7,60
diet chart,UCkPbjkShoXFYhj95O59jnsQ,2829,8,14
Imago Nutrition,UCLyZDGL6mW8nwMhywwMhMww,2773,37,78
Sehat Diet and Nutrition Organization,UC7-JjsdAqAgnF1WJS7eN-hg,2762,67,12
Drought Diet Products,UCv_B8dzp1aoeqjFY-pCB8NA,2737,13,2
DIET. - Topic,UC8JVK5YDId7tZExZXrPQ0vA,2702,4,10
Dudes Talk Nutrition,UC09hxGDv1Pfig0V4_BdWi3w,2642,100,9
fitness & nutrition,UCd70w6cqTTByvQrIL_quUUg,2615,28,26
The Diet Kriyaa,UCXa4keD1GPGP7ITgeUhEdeQ,2556,11,16
Health & Nutrition,UCZhphu2N9mcjvWaQnzXSkeg,2529,138,13
WildCat Nutrition,UCC6PGEWOCn9R1wg1FZ5xuag,2520,121,15
Diet_ÌòÑÎπÑ,UCE5u23dKB27qYJDON0fdlHQ,2482,4,2
Creep Diet - Topic,UCBNeRcNnucUxUMGC8u1c3Pg,2388,20,9
Diet Free,UCWNBOfFfUyCGP5Z1gdF_9pQ,2364,134,31
Diet Doom,UCEHY56DruGhAfMQvsw_3sTA,2345,30,9
fit to nutrition ,UCDoEo350Xg3keMdDQZQIhdw,2329,7,2
nutrition,UChTsc5OK-f08FW2DHnr_gQA,2263,89,28
Diet Trap- - Topic,UCd4D1KrF6Kp2Qw-pxCFq0ug,2180,14,15
ACE Nutrition and Diet Consulting,UCgbWmDhXRcPnbXg_GcxjGsQ,2157,14,41
Seanna Thomas Nutrition (Hockey Snacks Inc.),UChDVanwPjjAk99k06eWajcA,2139,106,57
DIET. - Topic,UCqqFIy45ebB4lmCGkTAZxbw,2139,2,11
SDC Nutrition,UCRzvTIJWVP9A6FHE_lwznBA,2071,130,21
Nutrition By Ria Wahi,UC2XeuQVyr-UwjXq4nr0TYSw,2069,108,17
Dietitian Neha's diet club,UC2D2ClHnWaSjL-8e6PZBezA,1892,64,47
Burn it Nutrition Podcast,UCWC0H00D1FTBTKihwXxFGbQ,1854,97,22
Nutrition Matters Skin,UCAuCSIPzHD-fWeLrpLlfn2w,1762,9,32
Black Diet - Topic,UCDgg436hhzLEvZOXCEwDMYQ,1759,8,23
Cadence Nutrition,UCb_OpfRhcUqCMI5kY9h8V_g,1749,15,2
NUTRIMAX POWER NUTRITION,UCodoKo678zu_QTnw9wocaIw,1727,13,14
Find Your Diet,UCgVLBmAxB5j5bicZZ2SLY9g,1723,36,55
SuperKids Nutrition,UCZkApjphWAs-SjW3dT7Q2Vw,1669,60,7
Health Fitness Diet Tips,UCbjMY0-YX9vECI8XHjvj0TA,1590,28,42
Liquid Diet - Topic,UC68zVMMv0A4Tl7rsSS2wz3g,1507,3,23
Diet world by Dietitian Neha üå∏,UCpHkfdKFYOQY0xdMsPXP7_A,1388,12,10
Resilience Nutrition,UCFiOidtdniJFZvoCOjhl2NQ,1388,28,1
Stronger U Nutrition,UCoCUlNOg8_LeVGxoYCSqmYw,1376,61,12
Diet Candy - Topic,UCRSYClElqBEHmXx25n8mqUA,1362,2,14
Buffet Diet,UCxqJEEXiRP8FFd8zIVP-gnw,1343,116,21
Diet and Kidney Solutions,UCC8jqjU2CNN12Sc3rhpvQJA,1315,79,1
Standard Nutrition Company,UCyovglVsJxQJAAh3P56sUWA,1313,15,6
Diet Of Wormz - Topic,UCYU5TsYNVHSNJCi_nhE6pzQ,1307,5,16
Nutrition Maker,UC5kotMR3WY6sEyEUC3D67xg,1287,15,6
Lite Diet Clinic,UCstRkxflHDzN5X4Xk1GBi-Q,1286,62,18
HealthyHey Nutrition,UC3DQqzJiakc6V4h6OkUbuFw,1257,35,3
Delta Live Nutrition Mexico,UCAYZkNNqzuf6GxnUrI55OkQ,1198,14,4
Nutrition - Topic,UCIF5tbhxKG6sm_UPGUSdRLw,1148,0,14
Autumn Diet Plans - Topic,UC4fm0mY3poZc_WgrIE3B0Iw,1102,2,12
Nutrition and Wellness for a Healthy Lifestyle,UC2cwEndTvtmq7is40hOG-Jg,1068,17,20
Flamazing Nutrition,UCuzxWt05tmXV75NwnEFQvnw,1049,40,4
Diet Soch,UCVQ1J3px0p346qS5j6EtY5w,1027,18,5
The Nutrition Pediatrician,UCjbwGvA9eplLRifeCzZA0VA,1022,33,11
Elite Nutrition,UC_55ugidSv-yazCUEo4e04w,1007,10,11
UT Nutrition Institute,UClGc7B1QYN825nXDUutpELQ,1004,10,14
Diet Diaries,UCAzPBzKKNHhA6efDXerEi2g,992,46,18
Salon de la Nutrition √† Belfort,UCZrMFUeVrHRAIzU3zZCTqBA,971,16,12
La minute nutrition,UCy5inDSTcmpi9Pjw23MnTJQ,962,16,1
Diet. - Topic,UCde5cbJaoNqS2QctW5Cnj7w,962,24,26
Diet Smiles - Topic,UCeOIM1J_w3ukYH5CMtifrgw,948,26,19
MR Diet Coke,UCwzkrFHDtrgJ5BMFTRUouMg,907,28,34
Triple Nutrition - Topic,UCWggBSoZcCUpv8bWoAT5vlQ,906,0,1
Diet of Wires - Topic,UCzbQflhZA3DLKSxmWTYmg8w,858,10,7
Diet Blood - Topic,UCl1s1KYIcgqwcMvAVOFpLrQ,857,14,6
DIET ARIYALUR,UCWHxtY4Fu_dc35N0RDWY0tQ,857,67,3
Nutrition Aid,UCBXFRtUSOzP9-UUXguo1QFA,854,76,7
Nutricraft - Nutrition In Every Meal,UCC1nXmBLUS1904IzWpNgInQ,847,398,15
Moder Diet Atacado,UC-Z6Dx0282RWTAO328jBBew,843,15,2
"Healthy Diet, Healthy Life",UCRaAnqzSDE86K3ibHsJxWVg,837,12,1
Dynamic Diet,UCu26my3sC1xmU9ZrmqWB46Q,826,74,4
Parims Nutrition,UCzWQgG4KJit25qxigiCHfmg,788,28,15
Genisis Nutrition,UCYMfnzfdquFxz_qOh0_5IGA,780,22,35
Show Man Fitness & Nutrition,UCGIUqXFJCs_j7PQ3mVoNLNA,733,74,7
Harmony Nutrition ATL,UCcewybzdPSrHGENV-mU2PsA,684,15,16
Global Diet Quality Project,UCw7EsNoM21ejxptWqGrRiKA,681,15,9
Easy diet,UCWvTgRXDQmaJ2WWuB4wqN9w,677,54,6
Diet Christ - Topic,UC0cyEyPQ59GKeeX27BPq3xg,676,10,6
Diet & Nutrition Care_TAMLUKüôè,UCbQuwMJNZbQVUrmS_h9zNgQ,642,35,11
DIET SHORTS,UCsYPqSYGuTRkCves8fAKnzw,638,62,4
Sage Root Nutrition,UCL6KBaBsnoNSDYmUF9Ksj-A,615,8,69
CUISINE TA DIET !!!!,UCcreKSjvVE-IFPOAS5aHfnQ,613,11,11
Nutrition With Vibha,UCzn3T17zUyGbagXhP7Cy1-w,596,33,21
Fat in Diet - Topic,UC_hegCOlaWjHKuwVPEsCI5g,560,7,11
Whisky Diet - Topic,UCAQGwtRWaOggf3HfaFb4jpA,556,1,16
2enjoy diet,UCgboA-6Pf6o9ENLOKLuSy5A,539,65,5
Nevada Academy of Nutrition and Dietetics,UCC_kBubLt1sptbaxUIJ-85w,529,3,24
Mental Diet,UCaaGH6tgq5M3kjsumTN6VeA,523,26,11
Diet Audio - Topic,UCgAsjrlmH6EBMvro83X8Djw,517,2,20
Kayros Nutrition,UCX80X2DZM7uc4N2PW4MtrCA,511,8,9
SE Nutrition,UCQfrn_7yjI_Dd11XkXouCjw,493,43,4
Impact Nutrition Africa,UCBiOMPWBqRWR5yfCZRe5Ykg,483,68,13
National Diet - Topic,UC2lBUnMwdCVg9LvE46zb-_Q,476,4,7
Bea BOLD FiTness & Nutrition,UCkrDH6GexFfLZ3s4d5s-K5A,473,26,8
AGEIS Nutrition,UCy-t0nN4zXDN3NP52VSFUcw,471,11,6
Diet Sushi - Topic,UCXW_80ChIJm56mYhAeQTAcQ,456,1,29
DIET HASSAN,UCvFsohRjROrV_pmrSVo9eJQ,442,72,10
DIET Pitampura,UCiYQ6TRXyYVEX525DjLjxHg,430,17,49
Algaius Diet,UCzDAMNw9fFc5MHjOuK4NexA,425,5,11
Made By Diet,UCJSzxM5pp7dr4aE-mRR57iA,424,17,3
"Relaxing Music Diet | Sleep, Study, Meditate Hz",UCZ9JHGscoiw96Qv8GsxTOkA,421,21,11
Straight Pepper Diet - Topic,UC9AH3C64nDf2Bl-mRS_vPcg,419,6,12
Bamboo Diet - Topic,UCgy8CUXmiEBbue2VPM05oMg,410,2,9
Monkey Diet - Topic,UCW1o8sCADUYVfAX4ZZfDLqg,407,4,9
Keto Diet,UCzp3MR0SPz6afNGGvPIPdFA,329,1,60
Diet Smokes - Topic,UCrLSJlyFfNyZ7SuO91wAQvQ,294,0,1
Modern Diet - Topic,UCPJXwtD0TCXZrvsEMPtbkSg,294,1,5
Vegan Nutrition,UC8Hz2F9kgiISbWVD699tyvA,294,9,6
THE EMPIRE FITNESS & NUTRITION,UCjnsHHVr3kyQpQ8mmc0uZxQ,289,62,6
Dr. Sangeeta Nutrition,UCJeKLKXgd6Y11RD61ILzoLw,288,9,15
Nutrition Oriented,UCSlrmONJAqlViRnmzymOXBQ,276,34,9
Ak-diet,UCx7E3PhHkorEAEClwn5kx3Q,264,8,2
Diet Who - Topic,UCekeclLj_LmI0Dd7R-44aSw,252,0,4
itadakihealthy vegan nutrition coaching,UCha5M_zWRH_ejg94ImD_q_A,249,17,2
National Board of Physician Nutrition Specialists,UCV70MqIP3xTIVmo1u079fBQ,245,23,6
Sleep Diet - Topic,UCsHiQRK46ebVOq4GStAvieQ,243,0,29
diet food,UC0ue71lK165rJw5JaJTunSA,243,4,8
Reagan National Crash Diet - Topic,UCIdvlj1flhA-loE3-Xn4pxQ,241,1,16
Right Diet,UC89VoZndMjq3m_0LXZQhAmg,229,22,7
WSGNL NUTRITION ,UC_wGGuEwR_Abtr40eHvS1lQ,225,154,12
Diet Bang - Topic,UCSiSbmZli6ZhpwWzSJWwpLQ,219,2,15
NutriBite Insights,UClkP6ECsbeUenYx-PD99sXw,215,50,3
Health and Nutrition Consultation Services (HNCS),UCn4YDuLbNKNSngEHpl-pUPw,206,31,2
Diet Darling - Topic,UCUYjgFA_QwrTsClyj9FR5ew,196,3,3
Dr. Diet and Insulin,UCZW_XhxS7V2G49aOBqoWX6g,196,7,2
Shazad Carbaidwala (Shazad's Nutrition),UCLTlew3x1Crlt0_7aqYNflA,192,77,3
The Nutrition Cure Diet Clinic,UCkc3OeDEqfEARPgFIF8snQA,189,15,2
Diet Suchi,UC1ZVxw4GqICI8-fGifBo8nQ,188,21,1
R One 12 Herbalife Nutrition ,UCxXoA1pLHfFUcMNF_mwyUAg,180,4,2
Hannieüíû,UC9XVlJqFNTQShe-Z_bhok3w,176,0,14
DIET JILESH Lect.,UCLn2HSQSUuiyN6zyXJkrAIQ,173,25,1
Arlesh nutrition,UCHa89OS7AglTeioGZZwHBzA,169,1,4
bro diet plan,UCHzreYVrnmK-eN1Rm4M_6dw,150,7,3
Sandhya food and nutrition telugu ,UCHBxwARdjVM8tIjBV7gmEPA,140,40,1
Diet Dhan By Neha,UCjN_9sj9z4KwiOR6TaILq4A,105,1,2
Nutrition & Health,UCNk3kft0MG_K_NEUbnjygeQ,102,10,3
Soul Diet - Topic,UCf-BgTzFoThmhXASgD843zA,98,3,2
seafood diet - Topic,UCR3kng-6Iz49szTMVbje1gg,92,0,16
HIMAYAM NUTRITION WORLD,UCdQQiYDQCkPpefL17PZpNpQ,90,2,9
Center for Education in Nutrition and Dietetics,UCumRRsOE9NOk5l9zk9w1sVw,89,5,7
Smiles N Braces diet dental clinic ,UCONX9jeSspNV1ZYoZHllllw,87,15,2
Varsha's Diet Galaxy ü•óü•ô,UCfI6KByZSBnp0hGvaoG3ZJw,82,13,2
The Circle Wellbeing Nutrition ,UC-coQ52it8odugfwYKEy2Fg,77,1,6
Too Unbalanced Diet - Topic,UCwozlqUv5HFaFqYM9zIjRIA,70,0,18
Healthy diet,UCgxpnkT9c0oRG92dW0A3I5Q,68,1,6
Gym Diet,UCpsOCyVC23IMS6tJmE60W_g,62,10,2
dIET - Topic,UC4qUR6mvFRAmQQhOrPjI1Hw,61,0,13
Diet Monkey - Topic,UCDdEHr6Zh4KbwgRmAJgXpvg,59,0,3
Balanze Diet - Topic,UCHmugkZN0RSQYRydlpW3NKQ,49,5,2
Hercules Gimnasio Fitness and Nutrition,UCp80ti2-qmSMDINmvE8n1VQ,48,1,1
diet beef - Topic,UCAiJuU9zzQoKa5oLW1YU1Mw,43,0,15
Jodhpur Nutrition Centre JODHPUR,UCERKP2fhpPS32nKZk3Y1I3A,43,0,2
Diet Evil - Topic,UCZ8PF36FUTh2eTode-MbKmA,41,0,12
Diet-Ahead,UCiaASP59hu3LJ2W96RMvimg,38,9,2
J≈´LivWELL Nutrition and Wellness Coaching,UCYGlUnsEv-PTFAH5cZqNlbA,35,8,23
Diet Adviser,UCNJdVSgVDb7ZVs9HcBTvM5A,35,11,2
Lest Diet - Topic,UCam-evHnfBmEjXj-hJASKrQ,30,0,4
Diet Love - Topic,UCFoxHDGtUZbpma-i7RcIMAw,29,0,1
ALASTOR NUTRITION,UCoRPHGKKKYSi3Y5oUqCNjrA,29,18,1
Elite Nutrition,UC-RBEn1vLlrr_YUOppvtHrw,25,1,3
Diet 75 - Topic,UCO2B2BCW-6JYCpuUEu62SuQ,24,0,12
No Diet For Dummies - Topic,UCdxdLLe0xg4jJiwBJfSNHkw,21,0,1
neural nutrition - Topic,UCBA_mkI5U7cTKNfpVNooGoQ,21,0,3
Elemental Nutrition,UCjX6nvlyDUYscFNlz4dIRcA,18,0,2
Ri.nutrition,UCO1eaEp6JfBJ-6oxezck00w,16,0,1
Avifeed nutrition,UCnDtBwdQQ2GJBbeNUhHTPKg,15,1,1
Diet Soap - Topic,UC1nRup5X_hcQ5jIUgHMxC8g,10,0,2
Simple Recipes for a Diabetic Diet Plan ,UC3l2OIJj8m_lEJobKbE7AGg,9,6,3
Living Nutrition Health By Doctor Peng,UCPdxH_7BLz0y7iozT20aeBg,9,0,1
Nutrition for All,UCb7r7bJbaEnIkoUFf3BKiPQ,9,7,1
Online nutrition ,UCdIAkiBBEmvLGITBBD3gYng,8,2,2
Ranveer Ayurveda & Diet Online Clinic,UCmtvhE30asqm9B_6psmcaBA,8,0,3
healthy diet,UClMI5aPoXxvDvyC1N7gI5iA,7,1460,1
Arogya diet,UCuKPRLvhrrGb6VzHVVt0YtQ,7,0,1
Simply Good nutrition ,UC0cjEA0fUH93_0lM_wkP8ew,7,0,1
Nutrition talk,UCyqL7khFacZdgN4BDRitTbw,5,2080,2
Diet food gallery,UCEfkASoX5UXEFiruqTD4oBg,5,0,1
Ballers Diet - Topic,UC9bULY95l91bb3UwCrr_jMg,5,0,5
Tommy Diet Club ,UCvlLLHYp20jq-6FZ9ygzj7A,3,0,1
Food and Nutrition Council,UCsospBK_NNV5rPUP9pdWZaw,3,0,1
Cortes Nutrition,UClc4sTefZPK7t_StWdC6mXA,3,1,2
Bikini Diet - Topic,UCaxy6TxZ4utI0IPD-Fi9RTw,2,0,1
InShort Nutrition ,UCLDbVP8D-9eftRK8V109z8A,2,0,1
Avondale Food & Nutrition Services,UCwBWcB_v2OoTOS6tJztnJOg,1,0,1
Anilyt Nutrition,UCe7QYgzl2ZDsTj3JTi3Od2g,1,0,1
herbalife nutrition,UCamzk2fZQMcm9oOlRbBjDxA,1,0,1
Snake Diet DuKatti,UC35N14AY7auHLUsQljFxHTA,1,8,1
DIET EXPERT,UCg4agF1LGkp1Q9KvW1HFoog,1,0,1
Diet _tips Dt. Dr Deepa,UCHzk5JJXXeGPa8F8LEJNS5w,0,0,1
Nutrition Guru ,UC0EvMrQGDwMkDu1VJ2rjhHg,0,0,1
Diet Ewold,UC5-LLUeY8UjKl6hEjbo-Dow,0,0,3
Fitatu Calorie Counter & Diet,UC9Sec070sc_-vkm6yJ31_XA,0,0,0
Dr Kermani Diet - Topic,UC2pv3EBknUbdSzIoCkNipgQ,0,1,0
Number Five With Diet Coke - Topic,UCkXD-CFFVz_371wCBQPw39w,0,1,0
Diet O Meter,UChXQrNaZ4Je4foUm_vfsQ6g,0,60,0
Diet Sushi - Topic,UCqvyo9gmvakNIg86thYLQ0A,0,0,0
Disc Jockey Nutrition - Topic,UCC30AezetvYBolfsXjWWsQQ,0,35,0
A BASKETBALL PLAYERS DIET #15,UCaQcWbsno-NxklBhTjEwpyg,0,0,10
MyLab Nutrition,UCvvrt04TSG6D3reJ8DHSTLA,0,15,0
Fitatu Calorie Counter & Diet,UCpOS33vAd_KGwe32Ci5kPDA,0,0,0
Îã§Ïù¥Ïñ¥Ìä∏ÌïòÎäîÏø†Î™¨ Coomon diet,UCS70URnuexMZ02dNhR_i8DQ,0,46300,0
Nutrition Trends Today,UCgVrg8bXLD_F26jVNjZHluQ,0,0,1
NUTRITION ONE,UCkgScIYddl7_F7EpW-fIzbQ,0,0,1
ORLO Nutrition,UCp6RVtlFHZt6UzQIS4_91KA,0,0,0
Nail Diet - Topic,UCDtZnAHtz_JqlwFFswJc9LA,0,0,0
Nutrition By iz - Topic,UC2s-O9dkHJVO_RGNmF0oPMg,0,0,1
Moder Diet Original,UC88zO2D-p9wo_wYpdHq4Bjw,0,0,0
The Diet Kitchen,UCoom9EttBwZ2_rabARVhlJQ,0,59100,0
Healthy Diet & Meal Planner,UCRG5bY4UVTh3YgoYogoWv2g,0,0,0
Custom Keto Diet,UCZvUqXrMa7I8phRsXKWgwFw,0,2,2
Jasbir Herbalife nutrition,UCjjLnO575M_B_wQyQFJjP0w,0,0,0
Love Yourself Nutrition ,UCKKwevvIAaVW1-v6bsz84Jg,0,0,1
A BASKETBALL PLAYERS DIET #15,UCGWF_8ghfactYm3MTGiYS2A,0,0,10
Feel Great Nutrition,UC5waOweVkuDwlAUUuCEtNvw,0,0,1
Daily Diet Care,UCBY8HXfQCGp0mxodREIZv-g,0,0,3
